Id;IsDeleted;CreatedAt;CreatedBy;UpdatedAt;UpdatedBy;AlunoLeitorId;DataFim;DataInicio;LivroId;LeituraTipo;AlunoLeituraCronogramaId;AvaliacaoConceito;AvaliacaoConceitoJustificativa;AvaliacaoCriterio1;AvaliacaoCriterio2;AvaliacaoCriterio3;AvaliacaoCriterio4;AvaliacaoCriterio5;AvaliacaoCriterio6;AvaliacaoCriterio7;AvaliacaoObservacao;ChaveLeitura
f1dbeeb2-ff9f-48ff-b741-07c152917f7f;f;2022-05-19 14:04:53.421969;1e526008-75f7-4a01-9942-d178f2b38888;2022-05-19 14:04:53.42197;1e526008-75f7-4a01-9942-d178f2b38888;2d952c01-2544-6451-7798-064ff0744c49;18/03/2022 00:00;16/02/2022 00:00;074fd324-a761-a1a5-8eb9-5f0dd4389dfb;1;8dbe9c25-0ad1-449f-8e8d-9359295957a0;0;;0;0;0;0;0;0;0;;0
ffe77b5a-99f6-466f-95cc-f0f0a95811af;f;2022-05-19 14:06:34.624712;1e526008-75f7-4a01-9942-d178f2b38888;2022-05-19 14:06:34.624713;1e526008-75f7-4a01-9942-d178f2b38888;09c937e6-40df-8c69-8968-82451bc4a2b3;0001-01-01 00:00:00;0001-01-01 00:00:00;e67b6c51-1579-a726-685c-691a05754aec;1;8dbe9c25-0ad1-449f-8e8d-9359295957a0;0;;0;0;0;0;0;0;0;;0
0f6d1ac5-2f52-406f-8769-242660af856d;f;2022-05-19 14:06:34.676931;1e526008-75f7-4a01-9942-d178f2b38888;2022-05-19 14:06:34.676933;1e526008-75f7-4a01-9942-d178f2b38888;16988db9-4267-a441-1802-51ae48a508b0;0001-01-01 00:00:00;0001-01-01 00:00:00;dc065fde-0f74-2066-834b-15286adb4437;1;8dbe9c25-0ad1-449f-8e8d-9359295957a0;0;;0;0;0;0;0;0;0;;0
4be9d082-2233-4c94-a833-faeb8f08bbe9;f;2022-05-19 14:06:34.728247;1e526008-75f7-4a01-9942-d178f2b38888;2022-05-19 14:06:34.728248;1e526008-75f7-4a01-9942-d178f2b38888;727a5073-30a2-373f-6b88-85113acb5cda;0001-01-01 00:00:00;0001-01-01 00:00:00;131742ca-8802-2218-8861-6a193a242f1e;1;8dbe9c25-0ad1-449f-8e8d-9359295957a0;0;;0;0;0;0;0;0;0;;0
2ef4fb9c-5cce-4844-875a-92bd27ee877b;f;2022-05-19 14:06:34.778351;1e526008-75f7-4a01-9942-d178f2b38888;2022-05-19 14:06:34.778352;1e526008-75f7-4a01-9942-d178f2b38888;7a7378e3-4557-19d7-7408-b227500b5b37;0001-01-01 00:00:00;0001-01-01 00:00:00;2a16ad2d-3d86-4da8-8fbe-e2bf1e625937;1;8dbe9c25-0ad1-449f-8e8d-9359295957a0;0;;0;0;0;0;0;0;0;;0
22aa98cb-bce2-4e59-b22e-f31a7fd34b4a;f;2022-05-19 14:06:34.829;1e526008-75f7-4a01-9942-d178f2b38888;2022-05-19 14:06:34.829002;1e526008-75f7-4a01-9942-d178f2b38888;23864550-77ab-5644-84fc-d82fd9f153cb;0001-01-01 00:00:00;0001-01-01 00:00:00;9dd6e9b7-9b83-2bd6-9f16-af537d516107;1;8dbe9c25-0ad1-449f-8e8d-9359295957a0;0;;0;0;0;0;0;0;0;;0
3285e17c-95e6-4a0d-ade6-a5813de87753;f;2022-05-19 14:06:34.880267;1e526008-75f7-4a01-9942-d178f2b38888;2022-05-19 14:06:34.880269;1e526008-75f7-4a01-9942-d178f2b38888;269c35a6-8a3e-7bf1-17d3-69d5f9258474;0001-01-01 00:00:00;0001-01-01 00:00:00;8f1d8149-a38f-9913-1fd3-2391b3801e7e;1;8dbe9c25-0ad1-449f-8e8d-9359295957a0;0;;0;0;0;0;0;0;0;;0
311e0e9e-9e75-4222-bea3-0de97e9cc600;f;2022-05-19 14:06:34.928251;1e526008-75f7-4a01-9942-d178f2b38888;2022-05-19 14:06:34.928253;1e526008-75f7-4a01-9942-d178f2b38888;a315bd45-85c4-562d-9963-e5a988df4c11;0001-01-01 00:00:00;0001-01-01 00:00:00;2e2ae49c-9944-0c64-7f91-8159f9607932;1;8dbe9c25-0ad1-449f-8e8d-9359295957a0;0;;0;0;0;0;0;0;0;;0
b98f44a6-4a3d-4633-aa82-7555c6e3e6ab;f;2022-05-19 14:06:34.976173;1e526008-75f7-4a01-9942-d178f2b38888;2022-05-19 14:06:34.976174;1e526008-75f7-4a01-9942-d178f2b38888;dfc263e1-3ae7-44da-2e90-f754d4af2204;0001-01-01 00:00:00;0001-01-01 00:00:00;4c5931ba-60a4-a1c5-5185-8eea1e7b7e34;1;8dbe9c25-0ad1-449f-8e8d-9359295957a0;0;;0;0;0;0;0;0;0;;0
9bf5e713-2c9c-4c55-9274-a979b62b3b0e;f;2022-05-19 14:06:35.02105;1e526008-75f7-4a01-9942-d178f2b38888;2022-05-19 14:06:35.021051;1e526008-75f7-4a01-9942-d178f2b38888;cd2c38a5-1bef-6a41-330b-154ac6342276;0001-01-01 00:00:00;0001-01-01 00:00:00;0e181090-6d16-33ff-0255-879c8dca9603;1;8dbe9c25-0ad1-449f-8e8d-9359295957a0;0;;0;0;0;0;0;0;0;;0
dbfb8268-1d8d-4e96-a088-1c74189c1783;f;2022-05-19 14:06:35.066247;1e526008-75f7-4a01-9942-d178f2b38888;2022-05-19 14:06:35.066248;1e526008-75f7-4a01-9942-d178f2b38888;e00684e8-9ffc-5858-a41a-cfc09e94a3d6;0001-01-01 00:00:00;0001-01-01 00:00:00;7aea0162-3718-a0ca-190e-984580949a91;1;8dbe9c25-0ad1-449f-8e8d-9359295957a0;0;;0;0;0;0;0;0;0;;0
33d185a2-2003-4649-ab37-1b20ab60378c;f;2022-05-19 14:06:35.111581;1e526008-75f7-4a01-9942-d178f2b38888;2022-05-19 14:06:35.111582;1e526008-75f7-4a01-9942-d178f2b38888;95869131-534f-3bef-a2c0-1c73c07c3176;0001-01-01 00:00:00;0001-01-01 00:00:00;fd03e7e1-1839-90a5-5a9e-65fc740036e8;1;8dbe9c25-0ad1-449f-8e8d-9359295957a0;0;;0;0;0;0;0;0;0;;0
2aefaa4d-f423-4e11-bc81-458d5eb1f4bd;f;2022-05-19 14:06:35.156978;1e526008-75f7-4a01-9942-d178f2b38888;2022-05-19 14:06:35.156979;1e526008-75f7-4a01-9942-d178f2b38888;44a50917-a089-37b5-69b8-2229fae4488f;0001-01-01 00:00:00;0001-01-01 00:00:00;9297c240-4555-5f7d-60f9-08f5217ea7c0;1;8dbe9c25-0ad1-449f-8e8d-9359295957a0;0;;0;0;0;0;0;0;0;;0
cab6b711-44bb-496a-908a-343ea47e4074;f;2022-05-19 14:06:35.201575;1e526008-75f7-4a01-9942-d178f2b38888;2022-05-19 14:06:35.201576;1e526008-75f7-4a01-9942-d178f2b38888;9bf3149c-2752-19df-80cc-cf4fcacc9830;0001-01-01 00:00:00;0001-01-01 00:00:00;28698c9c-59c5-9d18-1b7a-4730914018a7;1;8dbe9c25-0ad1-449f-8e8d-9359295957a0;0;;0;0;0;0;0;0;0;;0
f0cefa72-8b8e-4efe-802e-caebad9d72fd;f;2022-05-19 14:06:35.246989;1e526008-75f7-4a01-9942-d178f2b38888;2022-05-19 14:06:35.24699;1e526008-75f7-4a01-9942-d178f2b38888;057a47b2-2a13-8148-3016-7814fec932ab;0001-01-01 00:00:00;0001-01-01 00:00:00;c4d15c14-9f62-6805-14ae-4fe934fb61db;1;8dbe9c25-0ad1-449f-8e8d-9359295957a0;0;;0;0;0;0;0;0;0;;0
c9b285ea-9cd9-42cb-8170-643014a1b3ba;f;2022-05-19 14:06:35.291803;1e526008-75f7-4a01-9942-d178f2b38888;2022-05-19 14:06:35.291804;1e526008-75f7-4a01-9942-d178f2b38888;09c5646d-48a4-511f-5677-3736f233479a;0001-01-01 00:00:00;0001-01-01 00:00:00;c4dda54d-3091-6d64-2815-5e2c6638139f;1;8dbe9c25-0ad1-449f-8e8d-9359295957a0;0;;0;0;0;0;0;0;0;;0
272c420c-f864-4ad3-8bd9-efd2c1a2b834;f;2022-05-19 14:06:35.351954;1e526008-75f7-4a01-9942-d178f2b38888;2022-05-19 14:06:35.351956;1e526008-75f7-4a01-9942-d178f2b38888;5a52626b-4be2-4788-9558-51bfe3b936f5;0001-01-01 00:00:00;0001-01-01 00:00:00;b6ea32d7-3abd-743d-4cdd-87dfddec6029;1;8dbe9c25-0ad1-449f-8e8d-9359295957a0;0;;0;0;0;0;0;0;0;;0
67a9d1eb-1557-4b8d-8641-64a010e099f4;f;2022-05-19 14:06:35.397207;1e526008-75f7-4a01-9942-d178f2b38888;2022-05-19 14:06:35.397208;1e526008-75f7-4a01-9942-d178f2b38888;ba8cf7ee-878d-4c26-a317-029094ff729c;0001-01-01 00:00:00;0001-01-01 00:00:00;2ef77ba5-24a7-6376-056e-e1d997d1a54e;1;8dbe9c25-0ad1-449f-8e8d-9359295957a0;0;;0;0;0;0;0;0;0;;0
78aa8314-8425-4ad4-92fd-dd851561d48d;f;2022-05-19 14:06:35.441672;1e526008-75f7-4a01-9942-d178f2b38888;2022-05-19 14:06:35.441674;1e526008-75f7-4a01-9942-d178f2b38888;c4f712a0-8525-72ea-14a1-cc1ae9bf58a4;0001-01-01 00:00:00;0001-01-01 00:00:00;2b6efd68-819f-2c20-4be1-e5e7a3b3431b;1;8dbe9c25-0ad1-449f-8e8d-9359295957a0;0;;0;0;0;0;0;0;0;;0
66870a8d-74e9-451a-aaf6-bb445fd4bf11;f;2022-05-19 14:06:35.486226;1e526008-75f7-4a01-9942-d178f2b38888;2022-05-19 14:06:35.486228;1e526008-75f7-4a01-9942-d178f2b38888;41f7d5cd-a2e3-40ae-7c01-7bf766ae3cca;0001-01-01 00:00:00;0001-01-01 00:00:00;b2ca09d3-15f8-8e9f-0d5f-ccd798b41aea;1;8dbe9c25-0ad1-449f-8e8d-9359295957a0;0;;0;0;0;0;0;0;0;;0
bfb10010-cfa9-46b6-92f9-3209a6c08dd9;f;2022-05-19 14:06:35.531631;1e526008-75f7-4a01-9942-d178f2b38888;2022-05-19 14:06:35.531632;1e526008-75f7-4a01-9942-d178f2b38888;300f2886-253c-27e3-8050-aba0bff58bfc;0001-01-01 00:00:00;0001-01-01 00:00:00;ad8b7fae-2126-5a57-886c-3c1530e9187e;1;8dbe9c25-0ad1-449f-8e8d-9359295957a0;0;;0;0;0;0;0;0;0;;0
e90c5d28-a8ac-4a93-92f1-b60e818e5050;f;2022-05-19 14:06:35.576504;1e526008-75f7-4a01-9942-d178f2b38888;2022-05-19 14:06:35.576506;1e526008-75f7-4a01-9942-d178f2b38888;be3f93f4-3046-06ff-08d4-a22ba8f27f6b;0001-01-01 00:00:00;0001-01-01 00:00:00;9eb34444-3fb4-97cd-57f6-d830821b25f6;1;8dbe9c25-0ad1-449f-8e8d-9359295957a0;0;;0;0;0;0;0;0;0;;0
3dfe324c-4ee3-4cba-8da2-0362c1daeb05;f;2022-05-19 14:06:35.622503;1e526008-75f7-4a01-9942-d178f2b38888;2022-05-19 14:06:35.622504;1e526008-75f7-4a01-9942-d178f2b38888;4433fe25-4caa-5123-7ccc-7d45d37a5f34;0001-01-01 00:00:00;0001-01-01 00:00:00;6c2b2c6d-014e-a217-19c8-e168ad8ba2c8;1;8dbe9c25-0ad1-449f-8e8d-9359295957a0;0;;0;0;0;0;0;0;0;;0
8659d824-0804-44b5-ad5f-0486ba5b966e;f;2022-05-19 14:06:35.669942;1e526008-75f7-4a01-9942-d178f2b38888;2022-05-19 14:06:35.669943;1e526008-75f7-4a01-9942-d178f2b38888;4f6e658e-5519-44f0-28a7-b3f0cdd00d1f;0001-01-01 00:00:00;0001-01-01 00:00:00;63839ba9-0971-98b7-7e00-ed9357253c6e;1;8dbe9c25-0ad1-449f-8e8d-9359295957a0;0;;0;0;0;0;0;0;0;;0
522801d1-ba20-4de9-987d-64598db09c84;f;2022-05-19 14:06:35.715373;1e526008-75f7-4a01-9942-d178f2b38888;2022-05-19 14:06:35.715375;1e526008-75f7-4a01-9942-d178f2b38888;c4b80166-7f9e-40e5-01a4-da66203d8ff4;0001-01-01 00:00:00;0001-01-01 00:00:00;b714674a-8e7e-1449-6422-253a1ac864a6;1;8dbe9c25-0ad1-449f-8e8d-9359295957a0;0;;0;0;0;0;0;0;0;;0
9b3a66ed-7f90-4258-9472-91d1f9bf90d2;f;2022-05-19 14:06:35.761765;1e526008-75f7-4a01-9942-d178f2b38888;2022-05-19 14:06:35.761766;1e526008-75f7-4a01-9942-d178f2b38888;cae12cf1-91c7-9ab6-0308-2cf8f17991d4;0001-01-01 00:00:00;0001-01-01 00:00:00;6630217b-78cf-6b60-357e-27ad9d9c272e;1;8dbe9c25-0ad1-449f-8e8d-9359295957a0;0;;0;0;0;0;0;0;0;;0
f6ec465c-911a-42a5-a649-a1039e521fc0;f;2022-05-19 14:06:35.80926;1e526008-75f7-4a01-9942-d178f2b38888;2022-05-19 14:06:35.809261;1e526008-75f7-4a01-9942-d178f2b38888;dbcce999-3a2f-82ca-6a0c-213084a06344;0001-01-01 00:00:00;0001-01-01 00:00:00;7ac90fb5-2256-65ef-1c38-fcf9c1e77021;1;8dbe9c25-0ad1-449f-8e8d-9359295957a0;0;;0;0;0;0;0;0;0;;0
e930cf3c-cb9b-46ba-87e3-67c1ef58b62c;f;2022-05-19 14:06:35.854766;1e526008-75f7-4a01-9942-d178f2b38888;2022-05-19 14:06:35.854768;1e526008-75f7-4a01-9942-d178f2b38888;b24d7e83-7c4f-3c68-467a-25ac57699035;0001-01-01 00:00:00;0001-01-01 00:00:00;15134bab-1ce2-364d-2027-1b6d99868249;1;8dbe9c25-0ad1-449f-8e8d-9359295957a0;0;;0;0;0;0;0;0;0;;0
7340f80b-c746-43f1-97f3-cc78e77d89d4;f;2022-05-19 14:06:35.900849;1e526008-75f7-4a01-9942-d178f2b38888;2022-05-19 14:06:35.90085;1e526008-75f7-4a01-9942-d178f2b38888;4e308f9c-4f5a-9513-34c5-e03e25e58a31;0001-01-01 00:00:00;0001-01-01 00:00:00;af8b3281-0094-686e-1f55-bf5c4e3d5b19;1;8dbe9c25-0ad1-449f-8e8d-9359295957a0;0;;0;0;0;0;0;0;0;;0
5c0a7687-0d6d-4bf7-822c-329dfdafed48;f;2022-05-19 14:06:35.947248;1e526008-75f7-4a01-9942-d178f2b38888;2022-05-19 14:06:35.94725;1e526008-75f7-4a01-9942-d178f2b38888;f42108dd-4d63-643e-24b3-0e20667c84bd;0001-01-01 00:00:00;0001-01-01 00:00:00;9dcafd53-5081-8e51-7895-ba7f5e691052;1;8dbe9c25-0ad1-449f-8e8d-9359295957a0;0;;0;0;0;0;0;0;0;;0
719d92e1-f6dc-4149-b7bd-0590806b23b7;f;2022-05-19 14:06:35.995053;1e526008-75f7-4a01-9942-d178f2b38888;2022-05-19 14:06:35.995055;1e526008-75f7-4a01-9942-d178f2b38888;3ffca87c-4d39-8d18-32c3-8c35e91098ab;0001-01-01 00:00:00;0001-01-01 00:00:00;c611c16a-3a2d-6ed1-9089-bee133ef1f50;1;8dbe9c25-0ad1-449f-8e8d-9359295957a0;0;;0;0;0;0;0;0;0;;0
8d8a41e7-f2d2-489c-b44a-1323906a3ff4;f;2022-05-19 14:06:36.040933;1e526008-75f7-4a01-9942-d178f2b38888;2022-05-19 14:06:36.040934;1e526008-75f7-4a01-9942-d178f2b38888;508ce55c-4cc1-3b89-955f-980fe5a917dd;0001-01-01 00:00:00;0001-01-01 00:00:00;71618e44-5ef4-4feb-8254-b64e42bc292b;1;8dbe9c25-0ad1-449f-8e8d-9359295957a0;0;;0;0;0;0;0;0;0;;0
15379712-9796-48b7-9465-94f6d988dc4e;f;2022-05-19 14:06:36.087433;1e526008-75f7-4a01-9942-d178f2b38888;2022-05-19 14:06:36.087434;1e526008-75f7-4a01-9942-d178f2b38888;c6951ae2-0113-5baa-7b63-5e8ec54d607f;0001-01-01 00:00:00;0001-01-01 00:00:00;c0777543-374a-9448-6b84-7cc89586a3bd;1;8dbe9c25-0ad1-449f-8e8d-9359295957a0;0;;0;0;0;0;0;0;0;;0
4eae8831-add7-4236-871c-93658cf3c247;f;2022-05-19 14:06:36.133744;1e526008-75f7-4a01-9942-d178f2b38888;2022-05-19 14:06:36.133746;1e526008-75f7-4a01-9942-d178f2b38888;c33bcd48-9d37-a127-235a-48a93bda4b97;0001-01-01 00:00:00;0001-01-01 00:00:00;c33fa6fe-934a-0020-3d26-b2c3b5c614df;1;8dbe9c25-0ad1-449f-8e8d-9359295957a0;0;;0;0;0;0;0;0;0;;0
d77606ba-93cd-4211-bb1d-c63d1279db23;f;2022-05-19 14:06:36.179877;1e526008-75f7-4a01-9942-d178f2b38888;2022-05-19 14:06:36.179879;1e526008-75f7-4a01-9942-d178f2b38888;b0bff6cb-0eed-23a6-6f32-39beec815b3f;0001-01-01 00:00:00;0001-01-01 00:00:00;d55db0d7-12fc-0ade-5df3-820cf3ac90d2;1;8dbe9c25-0ad1-449f-8e8d-9359295957a0;0;;0;0;0;0;0;0;0;;0
7468d853-9556-4b41-a242-3bc15dab0c48;f;2022-05-19 14:06:36.226192;1e526008-75f7-4a01-9942-d178f2b38888;2022-05-19 14:06:36.226194;1e526008-75f7-4a01-9942-d178f2b38888;c987e9b1-89e2-2576-101c-4ca4904c757f;0001-01-01 00:00:00;0001-01-01 00:00:00;83002cda-7a54-8641-76b9-db83fdbb5127;1;8dbe9c25-0ad1-449f-8e8d-9359295957a0;0;;0;0;0;0;0;0;0;;0
d5cc00b6-b3a4-4278-a1d5-503900e068d9;f;2022-05-19 14:06:36.271982;1e526008-75f7-4a01-9942-d178f2b38888;2022-05-19 14:06:36.27204;1e526008-75f7-4a01-9942-d178f2b38888;61cf2af5-633f-8f07-08e5-b72b4f00298d;0001-01-01 00:00:00;0001-01-01 00:00:00;0b5809a3-9f24-3d42-52da-43ce17a36f6e;1;8dbe9c25-0ad1-449f-8e8d-9359295957a0;0;;0;0;0;0;0;0;0;;0
3b27578b-5ae5-41a8-98f3-c25e2c9ae79f;f;2022-05-19 14:06:36.318133;1e526008-75f7-4a01-9942-d178f2b38888;2022-05-19 14:06:36.318134;1e526008-75f7-4a01-9942-d178f2b38888;baafe1ee-02fe-4746-5450-194b8a6ba1f5;0001-01-01 00:00:00;0001-01-01 00:00:00;ba3e590d-0606-98a3-8c6f-75fd5a849f71;1;8dbe9c25-0ad1-449f-8e8d-9359295957a0;0;;0;0;0;0;0;0;0;;0
704da518-c950-436d-a982-4df1dc8a4d2c;f;2022-05-19 14:06:36.364026;1e526008-75f7-4a01-9942-d178f2b38888;2022-05-19 14:06:36.364027;1e526008-75f7-4a01-9942-d178f2b38888;f9337b4d-9f8d-9b0b-5ef1-2abc30f25d7e;0001-01-01 00:00:00;0001-01-01 00:00:00;0cd671fe-9384-4453-5179-55e87fae9067;1;8dbe9c25-0ad1-449f-8e8d-9359295957a0;0;;0;0;0;0;0;0;0;;0
5ddf56b8-af1f-410f-a4ac-27453ac0c813;f;2022-05-19 14:06:36.412083;1e526008-75f7-4a01-9942-d178f2b38888;2022-05-19 14:06:36.412084;1e526008-75f7-4a01-9942-d178f2b38888;3d3d656d-6d44-14a6-378c-aa611dfd2119;0001-01-01 00:00:00;0001-01-01 00:00:00;b6eedda2-2899-447b-99ce-ec5d34d93cd2;1;8dbe9c25-0ad1-449f-8e8d-9359295957a0;0;;0;0;0;0;0;0;0;;0
7fa18742-9859-4b7a-b465-09a24b6e7170;f;2022-05-19 14:06:36.458757;1e526008-75f7-4a01-9942-d178f2b38888;2022-05-19 14:06:36.458758;1e526008-75f7-4a01-9942-d178f2b38888;081696ad-9c72-a4d9-a295-fc53ffd65939;0001-01-01 00:00:00;0001-01-01 00:00:00;7e8ec04b-2340-78da-18fd-d3e05f023a3c;1;8dbe9c25-0ad1-449f-8e8d-9359295957a0;0;;0;0;0;0;0;0;0;;0
2c31160f-9c7b-43ea-8fc1-5e0b8baf404b;f;2022-05-19 14:06:36.505866;1e526008-75f7-4a01-9942-d178f2b38888;2022-05-19 14:06:36.505868;1e526008-75f7-4a01-9942-d178f2b38888;fbf1dbf9-30be-83d3-83c8-bb177c711b47;0001-01-01 00:00:00;0001-01-01 00:00:00;c867212e-7759-5b2b-12b8-47dc2edc1fb5;1;8dbe9c25-0ad1-449f-8e8d-9359295957a0;0;;0;0;0;0;0;0;0;;0
4ff89d72-c2ab-471c-bf7f-349fc98a2a72;f;2022-05-19 14:06:36.553943;1e526008-75f7-4a01-9942-d178f2b38888;2022-05-19 14:06:36.553944;1e526008-75f7-4a01-9942-d178f2b38888;4fabdc7f-1445-5ca1-a7b6-6f3921340de9;0001-01-01 00:00:00;0001-01-01 00:00:00;c4487577-2a7e-1842-3607-0895bf386740;1;8dbe9c25-0ad1-449f-8e8d-9359295957a0;0;;0;0;0;0;0;0;0;;0
feb56bf9-040e-475d-8980-5146899a9ede;f;2022-05-19 14:06:36.601513;1e526008-75f7-4a01-9942-d178f2b38888;2022-05-19 14:06:36.601515;1e526008-75f7-4a01-9942-d178f2b38888;b461760d-9155-48e6-7eb8-7438c1799b9d;0001-01-01 00:00:00;0001-01-01 00:00:00;6e9641a9-0636-7311-07bd-d2eb756d869b;1;8dbe9c25-0ad1-449f-8e8d-9359295957a0;0;;0;0;0;0;0;0;0;;0
c7acfea8-2b93-4804-9ed7-5b554c78a895;f;2022-05-19 14:06:36.664371;1e526008-75f7-4a01-9942-d178f2b38888;2022-05-19 14:06:36.664372;1e526008-75f7-4a01-9942-d178f2b38888;465510d8-779c-2d90-06f4-e24136235fb8;0001-01-01 00:00:00;0001-01-01 00:00:00;f8ca6d7a-33d9-4a3e-4e65-0029bd9201b9;1;8dbe9c25-0ad1-449f-8e8d-9359295957a0;0;;0;0;0;0;0;0;0;;0
8efef125-ef08-456c-98cb-a37c8ea7c39e;f;2022-05-19 14:06:36.712034;1e526008-75f7-4a01-9942-d178f2b38888;2022-05-19 14:06:36.712035;1e526008-75f7-4a01-9942-d178f2b38888;e654962b-4366-081e-8c86-1071c5128d8c;0001-01-01 00:00:00;0001-01-01 00:00:00;abc619a2-4ed9-354d-5873-04877b81a450;1;8dbe9c25-0ad1-449f-8e8d-9359295957a0;0;;0;0;0;0;0;0;0;;0
23647572-1212-4fab-8e9b-1785a9f2452b;f;2022-05-19 14:06:36.758579;1e526008-75f7-4a01-9942-d178f2b38888;2022-05-19 14:06:36.75858;1e526008-75f7-4a01-9942-d178f2b38888;a5c17fe4-97ae-5b01-4864-081cce8865b9;0001-01-01 00:00:00;0001-01-01 00:00:00;3422070d-2194-645a-79e1-f1ed461b127a;1;8dbe9c25-0ad1-449f-8e8d-9359295957a0;0;;0;0;0;0;0;0;0;;0
07032808-a120-4d50-8aae-a4f57c5c4556;f;2022-05-19 14:06:36.806072;1e526008-75f7-4a01-9942-d178f2b38888;2022-05-19 14:06:36.806073;1e526008-75f7-4a01-9942-d178f2b38888;ddd7ef44-9cc8-78db-677e-22f5f2cb34ff;0001-01-01 00:00:00;0001-01-01 00:00:00;f0d20de2-3b28-4b76-488c-b7c918869501;1;8dbe9c25-0ad1-449f-8e8d-9359295957a0;0;;0;0;0;0;0;0;0;;0
77960433-9113-4374-9683-38ab98b59a2d;f;2022-05-19 14:06:36.852782;1e526008-75f7-4a01-9942-d178f2b38888;2022-05-19 14:06:36.852784;1e526008-75f7-4a01-9942-d178f2b38888;0f9ec2ab-5adb-2928-2104-29330c475964;0001-01-01 00:00:00;0001-01-01 00:00:00;2fd3178b-0757-8306-a20c-c3037e5ea50e;1;8dbe9c25-0ad1-449f-8e8d-9359295957a0;0;;0;0;0;0;0;0;0;;0
4a323a18-abdc-42cf-83a2-03c07ff57df6;f;2022-05-19 14:06:36.899292;1e526008-75f7-4a01-9942-d178f2b38888;2022-05-19 14:06:36.899293;1e526008-75f7-4a01-9942-d178f2b38888;6166051c-099e-5d5a-0a37-bf04ff6802ca;0001-01-01 00:00:00;0001-01-01 00:00:00;f5495ecb-350c-55fd-1849-e3de342c1a9f;1;8dbe9c25-0ad1-449f-8e8d-9359295957a0;0;;0;0;0;0;0;0;0;;0
a1fbe1f8-ab11-4b39-a670-6996333aa18d;f;2022-05-19 14:06:36.946368;1e526008-75f7-4a01-9942-d178f2b38888;2022-05-19 14:06:36.94637;1e526008-75f7-4a01-9942-d178f2b38888;f4060dc2-3a3e-0b67-14f9-50f9321f7432;0001-01-01 00:00:00;0001-01-01 00:00:00;7de9dbc2-38db-9fda-6a00-2082bf607e36;1;8dbe9c25-0ad1-449f-8e8d-9359295957a0;0;;0;0;0;0;0;0;0;;0
841a0a35-2cbe-4d2f-8259-2b26315eb837;f;2022-05-19 14:06:36.994605;1e526008-75f7-4a01-9942-d178f2b38888;2022-05-19 14:06:36.994607;1e526008-75f7-4a01-9942-d178f2b38888;48aa84cc-539b-6222-5915-584bb8518ab5;0001-01-01 00:00:00;0001-01-01 00:00:00;8930986c-9804-35d5-48e5-237d66185ced;1;8dbe9c25-0ad1-449f-8e8d-9359295957a0;0;;0;0;0;0;0;0;0;;0
4369f5c1-4a26-45a3-b23f-33f50e2884f4;f;2022-05-19 14:06:37.041579;1e526008-75f7-4a01-9942-d178f2b38888;2022-05-19 14:06:37.04158;1e526008-75f7-4a01-9942-d178f2b38888;c3ac1108-4acf-123c-6201-a37617ca8504;0001-01-01 00:00:00;0001-01-01 00:00:00;c3d4b14b-93f1-0cb5-a63e-2742b9a42423;1;8dbe9c25-0ad1-449f-8e8d-9359295957a0;0;;0;0;0;0;0;0;0;;0
6c0c0f5a-1ca9-4ef5-a475-15a8b82bb4f4;f;2022-05-19 14:06:37.08833;1e526008-75f7-4a01-9942-d178f2b38888;2022-05-19 14:06:37.088332;1e526008-75f7-4a01-9942-d178f2b38888;77bddf5d-32de-0317-5931-8ab9673a12d4;0001-01-01 00:00:00;0001-01-01 00:00:00;056cecd6-3176-76a4-4658-3515b3482b71;1;8dbe9c25-0ad1-449f-8e8d-9359295957a0;0;;0;0;0;0;0;0;0;;0
1c8a77ff-1675-42f0-90dd-af6d3c80aab3;f;2022-05-19 14:06:37.135259;1e526008-75f7-4a01-9942-d178f2b38888;2022-05-19 14:06:37.13526;1e526008-75f7-4a01-9942-d178f2b38888;78a4a51d-38cd-5be2-2144-0725a71b38b3;0001-01-01 00:00:00;0001-01-01 00:00:00;54f0e920-51ff-563d-440f-06a2253d607a;1;8dbe9c25-0ad1-449f-8e8d-9359295957a0;0;;0;0;0;0;0;0;0;;0
43296ff2-b3de-4090-890c-de16333f0260;f;2022-05-19 14:06:37.182052;1e526008-75f7-4a01-9942-d178f2b38888;2022-05-19 14:06:37.182053;1e526008-75f7-4a01-9942-d178f2b38888;7a8fa838-0c56-2a0f-3f11-8527a46d1088;0001-01-01 00:00:00;0001-01-01 00:00:00;a3464034-1acb-497f-7092-c954d6381916;1;8dbe9c25-0ad1-449f-8e8d-9359295957a0;0;;0;0;0;0;0;0;0;;0
028df0ea-e3e9-4a05-9e59-6221ee35b53b;f;2022-05-19 14:06:37.228744;1e526008-75f7-4a01-9942-d178f2b38888;2022-05-19 14:06:37.228745;1e526008-75f7-4a01-9942-d178f2b38888;3ca0dde0-6a28-1e82-7c4e-ae53d9e195fc;0001-01-01 00:00:00;0001-01-01 00:00:00;e239819e-5d8b-7a8c-8273-61b107db994c;1;8dbe9c25-0ad1-449f-8e8d-9359295957a0;0;;0;0;0;0;0;0;0;;0
c0823550-c116-4772-8e15-98aa86062de9;f;2022-05-19 14:06:37.276421;1e526008-75f7-4a01-9942-d178f2b38888;2022-05-19 14:06:37.276422;1e526008-75f7-4a01-9942-d178f2b38888;d9ab3b4f-9ce0-23c6-9b8a-aaf7d1cc3914;0001-01-01 00:00:00;0001-01-01 00:00:00;d2e54a2a-48bc-63b7-810c-5c9068fc17c2;1;8dbe9c25-0ad1-449f-8e8d-9359295957a0;0;;0;0;0;0;0;0;0;;0
08293108-aa52-4cec-8f41-bdf15f5e155e;f;2022-05-19 14:06:37.323815;1e526008-75f7-4a01-9942-d178f2b38888;2022-05-19 14:06:37.323816;1e526008-75f7-4a01-9942-d178f2b38888;3b326a59-2096-018b-6e0b-134d39c3a42c;0001-01-01 00:00:00;0001-01-01 00:00:00;030743ae-7af0-6e53-a0a1-052e8e8d7ba5;1;8dbe9c25-0ad1-449f-8e8d-9359295957a0;0;;0;0;0;0;0;0;0;;0
240ac49d-79e2-4c25-9a50-fbae0620963b;f;2022-05-19 14:06:37.370318;1e526008-75f7-4a01-9942-d178f2b38888;2022-05-19 14:06:37.370319;1e526008-75f7-4a01-9942-d178f2b38888;97c75353-107c-a52f-0aa2-e451940263e4;0001-01-01 00:00:00;0001-01-01 00:00:00;cb9acac5-8993-1b8f-6749-21e29ee69096;1;8dbe9c25-0ad1-449f-8e8d-9359295957a0;0;;0;0;0;0;0;0;0;;0
4f894947-fe1e-4d22-b13c-b35456d0faa3;f;2022-05-19 14:06:37.417438;1e526008-75f7-4a01-9942-d178f2b38888;2022-05-19 14:06:37.417439;1e526008-75f7-4a01-9942-d178f2b38888;422e4e0f-2523-996e-02dc-8f7a8df4a61d;0001-01-01 00:00:00;0001-01-01 00:00:00;74dd0125-4ca2-9ba6-5abf-78f45386986a;1;8dbe9c25-0ad1-449f-8e8d-9359295957a0;0;;0;0;0;0;0;0;0;;0
762b0bb1-7908-40fe-af39-5cd4c7cc3906;f;2022-05-19 14:06:37.466624;1e526008-75f7-4a01-9942-d178f2b38888;2022-05-19 14:06:37.466626;1e526008-75f7-4a01-9942-d178f2b38888;5d4209fe-39ae-76a3-072f-63f1372794f0;0001-01-01 00:00:00;0001-01-01 00:00:00;35fbb199-3b49-11fb-16ae-bd7b95d77641;1;8dbe9c25-0ad1-449f-8e8d-9359295957a0;0;;0;0;0;0;0;0;0;;0
b5cfa44b-0c2e-4c0b-bee7-00052c28cce8;f;2022-05-19 14:06:37.513801;1e526008-75f7-4a01-9942-d178f2b38888;2022-05-19 14:06:37.513803;1e526008-75f7-4a01-9942-d178f2b38888;b9a84a6d-2870-3055-19f9-ab338b5c481a;0001-01-01 00:00:00;0001-01-01 00:00:00;5c43ce5d-2d11-7996-1430-a89199409b01;1;8dbe9c25-0ad1-449f-8e8d-9359295957a0;0;;0;0;0;0;0;0;0;;0
5ef29b6b-1621-4f8d-a8ac-6c25f85b128a;f;2022-05-19 14:06:37.562075;1e526008-75f7-4a01-9942-d178f2b38888;2022-05-19 14:06:37.562077;1e526008-75f7-4a01-9942-d178f2b38888;9714e533-5686-1c3a-3495-e75dd7f17aa4;0001-01-01 00:00:00;0001-01-01 00:00:00;a9039ccf-2cee-379c-3c04-5d8ec08a0fe4;1;8dbe9c25-0ad1-449f-8e8d-9359295957a0;0;;0;0;0;0;0;0;0;;0
f3ade3a7-2431-48a0-80b5-85cbd9778e46;f;2022-05-19 14:06:37.609528;1e526008-75f7-4a01-9942-d178f2b38888;2022-05-19 14:06:37.60953;1e526008-75f7-4a01-9942-d178f2b38888;f351fd80-2f7e-6fe8-1779-12f2d8f56e96;0001-01-01 00:00:00;0001-01-01 00:00:00;5ac7fd83-2598-2b1f-5562-37826bf66650;1;8dbe9c25-0ad1-449f-8e8d-9359295957a0;0;;0;0;0;0;0;0;0;;0
2d745d3c-6209-4ebe-9b4e-c6f70e87d438;f;2022-05-19 14:06:37.65639;1e526008-75f7-4a01-9942-d178f2b38888;2022-05-19 14:06:37.656391;1e526008-75f7-4a01-9942-d178f2b38888;99e56ffa-92f0-120c-5dd3-b09ea64ba30f;0001-01-01 00:00:00;0001-01-01 00:00:00;2b60ddca-9d6b-55c1-62f3-b4a6dcfc412a;1;8dbe9c25-0ad1-449f-8e8d-9359295957a0;0;;0;0;0;0;0;0;0;;0
173abd36-f49e-49d4-bde5-e6d928d62ccd;f;2022-05-19 14:06:37.704179;1e526008-75f7-4a01-9942-d178f2b38888;2022-05-19 14:06:37.70418;1e526008-75f7-4a01-9942-d178f2b38888;781dcc6d-4318-8982-94ec-2f57baa40c6e;0001-01-01 00:00:00;0001-01-01 00:00:00;a00c3eb9-6902-44b8-65cf-3b3969f711a7;1;8dbe9c25-0ad1-449f-8e8d-9359295957a0;0;;0;0;0;0;0;0;0;;0
1e4c4ebc-f275-4ee8-97aa-13a054b4d750;f;2022-05-19 14:06:37.752927;1e526008-75f7-4a01-9942-d178f2b38888;2022-05-19 14:06:37.752928;1e526008-75f7-4a01-9942-d178f2b38888;dd2eb64b-3df7-a591-583d-8d63aed919b9;0001-01-01 00:00:00;0001-01-01 00:00:00;135dd0d3-6190-4eef-9f4d-88984aed820c;1;8dbe9c25-0ad1-449f-8e8d-9359295957a0;0;;0;0;0;0;0;0;0;;0
cff1c99c-07b7-4a12-866d-a69bfd50eb09;f;2022-05-19 14:06:37.800516;1e526008-75f7-4a01-9942-d178f2b38888;2022-05-19 14:06:37.800517;1e526008-75f7-4a01-9942-d178f2b38888;185b9535-9dfd-57b2-008d-8a8971807eca;0001-01-01 00:00:00;0001-01-01 00:00:00;3f45f73e-5efc-0571-57f2-0968409a1856;1;8dbe9c25-0ad1-449f-8e8d-9359295957a0;0;;0;0;0;0;0;0;0;;0
01a4207f-4711-4a02-83cf-72af749b09a1;f;2022-05-19 14:06:37.848022;1e526008-75f7-4a01-9942-d178f2b38888;2022-05-19 14:06:37.848023;1e526008-75f7-4a01-9942-d178f2b38888;8983a823-0bac-00fc-7ea1-473d8af905ce;0001-01-01 00:00:00;0001-01-01 00:00:00;96abc55e-7b2f-8e20-631e-76e05a726168;1;8dbe9c25-0ad1-449f-8e8d-9359295957a0;0;;0;0;0;0;0;0;0;;0
be79c3e3-56ba-4237-8553-38362637e9e0;f;2022-05-19 14:06:37.895904;1e526008-75f7-4a01-9942-d178f2b38888;2022-05-19 14:06:37.895905;1e526008-75f7-4a01-9942-d178f2b38888;b6e1219c-a4fd-62e4-9f86-6425cb478bf8;0001-01-01 00:00:00;0001-01-01 00:00:00;ea693143-9270-7ef9-53ee-3db57627193f;1;8dbe9c25-0ad1-449f-8e8d-9359295957a0;0;;0;0;0;0;0;0;0;;0
d5e25aba-eca3-470d-a4b0-4798f390d5cc;f;2022-05-19 14:06:37.944121;1e526008-75f7-4a01-9942-d178f2b38888;2022-05-19 14:06:37.944122;1e526008-75f7-4a01-9942-d178f2b38888;5303bfde-530e-3c4e-908d-9129b6eb8d9d;0001-01-01 00:00:00;0001-01-01 00:00:00;9d75399b-2b43-4534-1601-fed49fda5283;1;8dbe9c25-0ad1-449f-8e8d-9359295957a0;0;;0;0;0;0;0;0;0;;0
e960c5e4-2cb8-4c9d-9880-8fbf3ed01dd4;f;2022-05-19 14:06:37.994083;1e526008-75f7-4a01-9942-d178f2b38888;2022-05-19 14:06:37.994084;1e526008-75f7-4a01-9942-d178f2b38888;f37855b8-4350-9f6a-a4b2-fc836a6343b0;0001-01-01 00:00:00;0001-01-01 00:00:00;bdf133b6-a492-804a-8fa7-e581657b0ba8;1;8dbe9c25-0ad1-449f-8e8d-9359295957a0;0;;0;0;0;0;0;0;0;;0
839ec946-ecdf-488c-a0d0-720f7417be42;f;2022-05-19 14:06:38.042489;1e526008-75f7-4a01-9942-d178f2b38888;2022-05-19 14:06:38.042491;1e526008-75f7-4a01-9942-d178f2b38888;4850158c-071b-37e8-7312-4f8597cf613b;0001-01-01 00:00:00;0001-01-01 00:00:00;239898d9-6f09-a1e0-01e0-9c1a7c7229cd;1;8dbe9c25-0ad1-449f-8e8d-9359295957a0;0;;0;0;0;0;0;0;0;;0
7a231bfe-2303-4252-9749-1fd4c3497a5c;f;2022-05-19 14:06:38.090025;1e526008-75f7-4a01-9942-d178f2b38888;2022-05-19 14:06:38.090027;1e526008-75f7-4a01-9942-d178f2b38888;bc38d798-858a-0eb7-44cf-b826eec358c9;0001-01-01 00:00:00;0001-01-01 00:00:00;6c61a9d7-658c-14fd-2a82-36e04e182904;1;8dbe9c25-0ad1-449f-8e8d-9359295957a0;0;;0;0;0;0;0;0;0;;0
61f35423-94fa-4719-8f7a-3a48a83c04ef;f;2022-05-19 14:06:38.138319;1e526008-75f7-4a01-9942-d178f2b38888;2022-05-19 14:06:38.13832;1e526008-75f7-4a01-9942-d178f2b38888;e81e5f6e-2134-3719-1898-1f9aa4f90d68;0001-01-01 00:00:00;0001-01-01 00:00:00;f692d147-4e25-6e0b-81dc-8ff52ee71eb3;1;8dbe9c25-0ad1-449f-8e8d-9359295957a0;0;;0;0;0;0;0;0;0;;0
0e7ddfdb-20df-4f1d-a15c-56377fa5a6bd;f;2022-05-19 14:06:38.186743;1e526008-75f7-4a01-9942-d178f2b38888;2022-05-19 14:06:38.186744;1e526008-75f7-4a01-9942-d178f2b38888;3fff3c99-2b8e-7a7e-0d65-042800d76aee;0001-01-01 00:00:00;0001-01-01 00:00:00;c0e211f7-1b32-35f5-695c-52427cd835b3;1;8dbe9c25-0ad1-449f-8e8d-9359295957a0;0;;0;0;0;0;0;0;0;;0
27679f76-b8d9-41b7-9fce-414c74ca7765;f;2022-05-19 14:06:38.234527;1e526008-75f7-4a01-9942-d178f2b38888;2022-05-19 14:06:38.234528;1e526008-75f7-4a01-9942-d178f2b38888;ded9a069-0856-18e3-5077-076851293560;0001-01-01 00:00:00;0001-01-01 00:00:00;26a98fca-9363-19eb-0836-aef83c39816d;1;8dbe9c25-0ad1-449f-8e8d-9359295957a0;0;;0;0;0;0;0;0;0;;0
b0e4d4d3-2017-4b54-9235-8f13420e477b;f;2022-05-19 14:06:38.282684;1e526008-75f7-4a01-9942-d178f2b38888;2022-05-19 14:06:38.282685;1e526008-75f7-4a01-9942-d178f2b38888;5254925b-a1ba-1c55-a700-5fa1f02f8b98;0001-01-01 00:00:00;0001-01-01 00:00:00;4a560b0f-348a-0eaf-2bca-dabca35d4fc1;1;8dbe9c25-0ad1-449f-8e8d-9359295957a0;0;;0;0;0;0;0;0;0;;0
5e9e3cb7-f8d3-4f0e-bc53-2cee1928e75e;f;2022-05-19 14:06:38.331039;1e526008-75f7-4a01-9942-d178f2b38888;2022-05-19 14:06:38.33104;1e526008-75f7-4a01-9942-d178f2b38888;b953f2fd-8fb3-4fa0-5f13-37b755cf4427;0001-01-01 00:00:00;0001-01-01 00:00:00;11cd903d-7e96-7f46-599e-ce654a159535;1;8dbe9c25-0ad1-449f-8e8d-9359295957a0;0;;0;0;0;0;0;0;0;;0
03c6e05a-4c84-4598-8d4d-ac8e34820e7d;f;2022-05-19 14:06:38.379093;1e526008-75f7-4a01-9942-d178f2b38888;2022-05-19 14:06:38.379095;1e526008-75f7-4a01-9942-d178f2b38888;1f7c1e7d-3c2f-1aaa-8f18-506edd896809;0001-01-01 00:00:00;0001-01-01 00:00:00;d4b1c877-8a44-394b-8688-1f7ef0292099;1;8dbe9c25-0ad1-449f-8e8d-9359295957a0;0;;0;0;0;0;0;0;0;;0
ecdedf36-bcec-4582-a675-6c63749ba2f5;f;2022-05-19 14:06:38.427938;1e526008-75f7-4a01-9942-d178f2b38888;2022-05-19 14:06:38.427939;1e526008-75f7-4a01-9942-d178f2b38888;46c42e12-139d-4d19-3e45-ed393feca31e;0001-01-01 00:00:00;0001-01-01 00:00:00;4fdc5ecb-94fd-847a-313d-53c4dd5a1d4e;1;8dbe9c25-0ad1-449f-8e8d-9359295957a0;0;;0;0;0;0;0;0;0;;0
3f128f22-c1c2-4697-a195-df420428b7e5;f;2022-05-19 14:06:38.477666;1e526008-75f7-4a01-9942-d178f2b38888;2022-05-19 14:06:38.477667;1e526008-75f7-4a01-9942-d178f2b38888;ca6199a1-7dd0-41c4-411a-14e49c27557e;0001-01-01 00:00:00;0001-01-01 00:00:00;1133f649-6a23-665b-32f8-0792bd4609a4;1;8dbe9c25-0ad1-449f-8e8d-9359295957a0;0;;0;0;0;0;0;0;0;;0
00526a5c-8c9a-44bd-99b8-a3edb397a220;f;2022-05-19 14:06:38.526836;1e526008-75f7-4a01-9942-d178f2b38888;2022-05-19 14:06:38.526837;1e526008-75f7-4a01-9942-d178f2b38888;1970b87d-1b7b-7aa2-43fb-d9778f317e3d;0001-01-01 00:00:00;0001-01-01 00:00:00;9158dab7-5614-5a2c-a09f-bc3a6a513803;1;8dbe9c25-0ad1-449f-8e8d-9359295957a0;0;;0;0;0;0;0;0;0;;0
a495e24b-239d-4791-bf32-2513b9651cde;f;2022-05-19 14:06:38.576737;1e526008-75f7-4a01-9942-d178f2b38888;2022-05-19 14:06:38.576738;1e526008-75f7-4a01-9942-d178f2b38888;95505e7e-6747-251b-04fb-1db012823409;0001-01-01 00:00:00;0001-01-01 00:00:00;9df57951-3ef9-5a61-039a-05024a6083fb;1;8dbe9c25-0ad1-449f-8e8d-9359295957a0;0;;0;0;0;0;0;0;0;;0
f36f2546-692b-444b-a9e6-8b255f2b864a;f;2022-05-19 14:06:38.626239;1e526008-75f7-4a01-9942-d178f2b38888;2022-05-19 14:06:38.626241;1e526008-75f7-4a01-9942-d178f2b38888;f67855ca-a230-3cd4-087a-323fb4938f49;0001-01-01 00:00:00;0001-01-01 00:00:00;b24f3a48-a5c3-2375-55be-ffc596775c5f;1;8dbe9c25-0ad1-449f-8e8d-9359295957a0;0;;0;0;0;0;0;0;0;;0
d74302d2-e632-4fc9-b701-7976f8fa00b3;f;2022-05-19 14:06:38.674836;1e526008-75f7-4a01-9942-d178f2b38888;2022-05-19 14:06:38.674837;1e526008-75f7-4a01-9942-d178f2b38888;b3a06731-97ba-04f5-86de-446c514d516d;0001-01-01 00:00:00;0001-01-01 00:00:00;b97895f0-72b1-2f16-3a50-a59ecf726b6c;1;8dbe9c25-0ad1-449f-8e8d-9359295957a0;0;;0;0;0;0;0;0;0;;0
3f8df692-4831-42df-8f2c-0febcbb47e58;f;2022-05-19 14:06:38.723857;1e526008-75f7-4a01-9942-d178f2b38888;2022-05-19 14:06:38.723858;1e526008-75f7-4a01-9942-d178f2b38888;9dc1f847-8002-6bcb-a6ab-833c88bb9135;0001-01-01 00:00:00;0001-01-01 00:00:00;c987ba13-6af2-52e5-3794-67f9d1d57bed;1;8dbe9c25-0ad1-449f-8e8d-9359295957a0;0;;0;0;0;0;0;0;0;;0
6e36f144-fd1c-400c-8af6-19039451ff73;f;2022-05-19 14:06:38.773639;1e526008-75f7-4a01-9942-d178f2b38888;2022-05-19 14:06:38.773641;1e526008-75f7-4a01-9942-d178f2b38888;6aceb4c7-a611-a6e5-a774-f1fdc13598a8;0001-01-01 00:00:00;0001-01-01 00:00:00;609ea5f7-9c5f-47c0-2d58-b69aa0925706;1;8dbe9c25-0ad1-449f-8e8d-9359295957a0;0;;0;0;0;0;0;0;0;;0
878ae1bd-18fb-4171-87c9-d01701868199;f;2022-05-19 14:06:38.823409;1e526008-75f7-4a01-9942-d178f2b38888;2022-05-19 14:06:38.82341;1e526008-75f7-4a01-9942-d178f2b38888;1b231490-6150-93bd-92d5-c28c66b19089;0001-01-01 00:00:00;0001-01-01 00:00:00;ab4448f6-a30e-954c-3979-3157ac4977a0;1;8dbe9c25-0ad1-449f-8e8d-9359295957a0;0;;0;0;0;0;0;0;0;;0
989e74cc-b707-4111-94e8-56d5c0835669;f;2022-05-19 14:06:38.873057;1e526008-75f7-4a01-9942-d178f2b38888;2022-05-19 14:06:38.873058;1e526008-75f7-4a01-9942-d178f2b38888;c569bba0-06bc-617d-82f0-30c2fca675f4;0001-01-01 00:00:00;0001-01-01 00:00:00;f3d57511-28ed-6da9-575f-ca868d939d7a;1;8dbe9c25-0ad1-449f-8e8d-9359295957a0;0;;0;0;0;0;0;0;0;;0
ddec8f75-dd2d-45c9-bf01-577883bc90c7;f;2022-05-19 14:06:38.922556;1e526008-75f7-4a01-9942-d178f2b38888;2022-05-19 14:06:38.922557;1e526008-75f7-4a01-9942-d178f2b38888;c1c2736f-7279-042f-a089-1549e6647883;0001-01-01 00:00:00;0001-01-01 00:00:00;a8ce1440-6555-0c94-3c8a-afa6e0e6a2e4;1;8dbe9c25-0ad1-449f-8e8d-9359295957a0;0;;0;0;0;0;0;0;0;;0
4ab1e430-e8e6-44d3-b364-a6d848d2a19e;f;2022-05-19 14:06:38.975222;1e526008-75f7-4a01-9942-d178f2b38888;2022-05-19 14:06:38.975223;1e526008-75f7-4a01-9942-d178f2b38888;26171069-991e-4ef8-61eb-dfa08d6a086d;0001-01-01 00:00:00;0001-01-01 00:00:00;1bff2b65-7b2f-8f77-0950-4a7559570ed0;1;8dbe9c25-0ad1-449f-8e8d-9359295957a0;0;;0;0;0;0;0;0;0;;0
17112b73-436d-4849-b5db-645cadb14ac9;f;2022-05-19 14:06:39.02501;1e526008-75f7-4a01-9942-d178f2b38888;2022-05-19 14:06:39.025011;1e526008-75f7-4a01-9942-d178f2b38888;7a208e2f-7905-3b99-9e04-c814cb823534;0001-01-01 00:00:00;0001-01-01 00:00:00;10a2df3f-a3db-29f5-6c13-336365c24ee2;1;8dbe9c25-0ad1-449f-8e8d-9359295957a0;0;;0;0;0;0;0;0;0;;0
13b0b093-cfae-4464-94f7-4063e1c33f44;f;2022-05-19 14:06:39.074034;1e526008-75f7-4a01-9942-d178f2b38888;2022-05-19 14:06:39.074035;1e526008-75f7-4a01-9942-d178f2b38888;94a7607f-039b-a2c4-12aa-ee4d57304132;0001-01-01 00:00:00;0001-01-01 00:00:00;3bc1a9b4-6591-464d-8391-9ce7d1275083;1;8dbe9c25-0ad1-449f-8e8d-9359295957a0;0;;0;0;0;0;0;0;0;;0
cfb00ef8-144c-4576-bfa8-a91afd2ebccd;f;2022-05-19 14:06:39.123796;1e526008-75f7-4a01-9942-d178f2b38888;2022-05-19 14:06:39.123797;1e526008-75f7-4a01-9942-d178f2b38888;86d4a99c-138a-3693-9fd9-c8e9a1a759d8;0001-01-01 00:00:00;0001-01-01 00:00:00;5bffb6a0-1c92-9510-1825-34f014535c23;1;8dbe9c25-0ad1-449f-8e8d-9359295957a0;0;;0;0;0;0;0;0;0;;0
4607a6f2-402e-4437-9513-08a4596456a5;f;2022-05-19 14:06:39.181775;1e526008-75f7-4a01-9942-d178f2b38888;2022-05-19 14:06:39.181777;1e526008-75f7-4a01-9942-d178f2b38888;6aa4cd67-4aef-5202-0166-1230fe711224;0001-01-01 00:00:00;0001-01-01 00:00:00;caeaff70-05e7-45be-a258-59771f448a75;1;8dbe9c25-0ad1-449f-8e8d-9359295957a0;0;;0;0;0;0;0;0;0;;0
2ff8f699-23a4-4de5-acc0-b3df28d6f033;f;2022-05-19 14:06:39.232015;1e526008-75f7-4a01-9942-d178f2b38888;2022-05-19 14:06:39.232017;1e526008-75f7-4a01-9942-d178f2b38888;b940e99c-4f05-0b6a-7957-7a9a92b89e82;0001-01-01 00:00:00;0001-01-01 00:00:00;6bd148fc-0488-1de8-99a1-b438d4d80378;1;8dbe9c25-0ad1-449f-8e8d-9359295957a0;0;;0;0;0;0;0;0;0;;0
ecd4d063-110d-4efa-94a9-cc3e0abafd52;f;2022-05-19 14:06:39.282042;1e526008-75f7-4a01-9942-d178f2b38888;2022-05-19 14:06:39.282043;1e526008-75f7-4a01-9942-d178f2b38888;6e7308a6-050a-5eb9-3cc0-93064d6d640c;0001-01-01 00:00:00;0001-01-01 00:00:00;32808a4f-2d48-366d-8a1c-693f9e803110;1;8dbe9c25-0ad1-449f-8e8d-9359295957a0;0;;0;0;0;0;0;0;0;;0
07744832-2cd2-42f5-93b7-4a2adc27c125;f;2022-05-19 14:06:39.331954;1e526008-75f7-4a01-9942-d178f2b38888;2022-05-19 14:06:39.331956;1e526008-75f7-4a01-9942-d178f2b38888;7c325d8a-76d4-2372-7646-8b3539d27299;0001-01-01 00:00:00;0001-01-01 00:00:00;753b8aad-4c6b-9b3d-7ea5-52a0201622c9;1;8dbe9c25-0ad1-449f-8e8d-9359295957a0;0;;0;0;0;0;0;0;0;;0
e8919ae1-52d0-42d5-8ac9-bbdd20149b0c;f;2022-05-19 14:06:39.383549;1e526008-75f7-4a01-9942-d178f2b38888;2022-05-19 14:06:39.383551;1e526008-75f7-4a01-9942-d178f2b38888;1c21bd92-1b6f-8c60-92d8-2466d9029a4b;0001-01-01 00:00:00;0001-01-01 00:00:00;f1605b78-3f11-9547-387d-3bba586131ce;1;8dbe9c25-0ad1-449f-8e8d-9359295957a0;0;;0;0;0;0;0;0;0;;0
8325405f-1732-4541-84e1-b280220469e6;f;2022-05-19 14:06:39.433878;1e526008-75f7-4a01-9942-d178f2b38888;2022-05-19 14:06:39.43388;1e526008-75f7-4a01-9942-d178f2b38888;6f4a6ab5-a510-60d5-7216-ab7d85ea230a;0001-01-01 00:00:00;0001-01-01 00:00:00;ffd66645-a719-3e3e-a523-10c1e9600296;1;8dbe9c25-0ad1-449f-8e8d-9359295957a0;0;;0;0;0;0;0;0;0;;0
cce9ece5-b319-4f2f-a64d-dc1d50a990df;f;2022-05-19 14:06:39.484603;1e526008-75f7-4a01-9942-d178f2b38888;2022-05-19 14:06:39.484604;1e526008-75f7-4a01-9942-d178f2b38888;c2eddfa4-7190-12d3-9cb0-afc6481c9a76;0001-01-01 00:00:00;0001-01-01 00:00:00;1f7791f2-37ba-780e-1cba-f81072170fdb;1;8dbe9c25-0ad1-449f-8e8d-9359295957a0;0;;0;0;0;0;0;0;0;;0
3083e90f-2df1-478d-b105-87f2737b6de6;f;2022-05-19 14:06:39.535313;1e526008-75f7-4a01-9942-d178f2b38888;2022-05-19 14:06:39.535315;1e526008-75f7-4a01-9942-d178f2b38888;d727d241-83f1-6da1-2c96-3ac64e377718;0001-01-01 00:00:00;0001-01-01 00:00:00;104c9b89-10a5-8b69-a25a-bb39f4f55cc3;1;8dbe9c25-0ad1-449f-8e8d-9359295957a0;0;;0;0;0;0;0;0;0;;0
f03244cd-14e7-4bbf-8cdb-c5916172a077;f;2022-05-19 14:06:39.585586;1e526008-75f7-4a01-9942-d178f2b38888;2022-05-19 14:06:39.585588;1e526008-75f7-4a01-9942-d178f2b38888;6cb2eaa5-8d71-7bf3-223c-1cbf71dc4f0c;0001-01-01 00:00:00;0001-01-01 00:00:00;04ec3f72-a6b8-9757-0720-1381038d96e9;1;8dbe9c25-0ad1-449f-8e8d-9359295957a0;0;;0;0;0;0;0;0;0;;0
76a5ff9c-8225-4440-ad5b-af2e22a2b4da;f;2022-05-19 14:06:39.636529;1e526008-75f7-4a01-9942-d178f2b38888;2022-05-19 14:06:39.63653;1e526008-75f7-4a01-9942-d178f2b38888;ac5d3306-957d-5a96-1121-ea2b8fdb12bc;0001-01-01 00:00:00;0001-01-01 00:00:00;4ed62c9d-2d0e-2242-4247-c47d33847864;1;8dbe9c25-0ad1-449f-8e8d-9359295957a0;0;;0;0;0;0;0;0;0;;0
ea49abdf-57a2-4afa-b68d-8f5593dac52d;f;2022-05-19 14:06:39.687255;1e526008-75f7-4a01-9942-d178f2b38888;2022-05-19 14:06:39.687256;1e526008-75f7-4a01-9942-d178f2b38888;e0bf0a1f-a0d7-2ef4-5e70-537aebc72738;0001-01-01 00:00:00;0001-01-01 00:00:00;50cb1ed6-6a56-7eef-766b-67c0ab8f420c;1;8dbe9c25-0ad1-449f-8e8d-9359295957a0;0;;0;0;0;0;0;0;0;;0
4881ac2b-e341-4d50-8503-fd43e62a68ee;f;2022-05-19 14:06:39.737493;1e526008-75f7-4a01-9942-d178f2b38888;2022-05-19 14:06:39.737495;1e526008-75f7-4a01-9942-d178f2b38888;7213efac-2b8d-8c2f-438a-7c2a2ab80126;0001-01-01 00:00:00;0001-01-01 00:00:00;738a8b18-98aa-1811-53d5-72464d0a2267;1;8dbe9c25-0ad1-449f-8e8d-9359295957a0;0;;0;0;0;0;0;0;0;;0
9668ff31-3565-414e-ae29-6a99edff7422;f;2022-05-19 14:06:39.790281;1e526008-75f7-4a01-9942-d178f2b38888;2022-05-19 14:06:39.790283;1e526008-75f7-4a01-9942-d178f2b38888;d05de4b9-4368-2dce-4f7e-08dead3835ea;0001-01-01 00:00:00;0001-01-01 00:00:00;448ad61e-1158-a3c9-6a76-aeefdf981565;1;8dbe9c25-0ad1-449f-8e8d-9359295957a0;0;;0;0;0;0;0;0;0;;0
dd104679-cffe-4ad8-9a91-79f435913190;f;2022-05-19 14:06:39.842151;1e526008-75f7-4a01-9942-d178f2b38888;2022-05-19 14:06:39.842154;1e526008-75f7-4a01-9942-d178f2b38888;c2498399-3623-65ad-0b2f-7b2458202cdd;0001-01-01 00:00:00;0001-01-01 00:00:00;dcb4e6f5-8d6b-6f12-3408-b322aae93a36;1;8dbe9c25-0ad1-449f-8e8d-9359295957a0;0;;0;0;0;0;0;0;0;;0
7ee24fe9-8744-4624-b620-1e307332d476;f;2022-05-19 14:06:39.893598;1e526008-75f7-4a01-9942-d178f2b38888;2022-05-19 14:06:39.893599;1e526008-75f7-4a01-9942-d178f2b38888;60bddb71-0aa1-4933-2852-011e871da36c;0001-01-01 00:00:00;0001-01-01 00:00:00;7a58dcd2-8f87-a20c-5384-c95aa3928347;1;8dbe9c25-0ad1-449f-8e8d-9359295957a0;0;;0;0;0;0;0;0;0;;0
83e37b6a-04cb-4658-9f6e-a05afffb564e;f;2022-05-19 14:06:39.946039;1e526008-75f7-4a01-9942-d178f2b38888;2022-05-19 14:06:39.946041;1e526008-75f7-4a01-9942-d178f2b38888;b4b8b311-8443-4c43-7597-ef8e15230393;0001-01-01 00:00:00;0001-01-01 00:00:00;e97d9800-2b6b-474a-8bed-9128436aa644;1;8dbe9c25-0ad1-449f-8e8d-9359295957a0;0;;0;0;0;0;0;0;0;;0
7486cc79-cf94-45ec-b7ca-1dfd2a95498c;f;2022-05-19 14:06:39.998807;1e526008-75f7-4a01-9942-d178f2b38888;2022-05-19 14:06:39.998808;1e526008-75f7-4a01-9942-d178f2b38888;5d26d30d-a6b0-87a2-6da6-182f8d4492dd;0001-01-01 00:00:00;0001-01-01 00:00:00;a5f86d07-2dab-0073-04b0-3331a42a4b85;1;8dbe9c25-0ad1-449f-8e8d-9359295957a0;0;;0;0;0;0;0;0;0;;0
4256fdfb-c6eb-4e82-9c34-58b106ea9215;f;2022-05-19 14:06:40.050651;1e526008-75f7-4a01-9942-d178f2b38888;2022-05-19 14:06:40.050652;1e526008-75f7-4a01-9942-d178f2b38888;f4f72440-4863-66d2-4f50-12f9f6c0046b;0001-01-01 00:00:00;0001-01-01 00:00:00;3fa537ab-0b69-185b-6ab3-bbe31f0e9e61;1;8dbe9c25-0ad1-449f-8e8d-9359295957a0;0;;0;0;0;0;0;0;0;;0
466fd2b2-bcf6-4e57-9360-24dedaa650b2;f;2022-05-19 14:06:40.10194;1e526008-75f7-4a01-9942-d178f2b38888;2022-05-19 14:06:40.101941;1e526008-75f7-4a01-9942-d178f2b38888;250d6de6-9cb6-897f-777c-690b4ee7226b;0001-01-01 00:00:00;0001-01-01 00:00:00;fc9991b2-a22d-8ffb-06e5-eb77a06c249a;1;8dbe9c25-0ad1-449f-8e8d-9359295957a0;0;;0;0;0;0;0;0;0;;0
8f8311a0-5a71-4307-8c89-ddf12bd35418;f;2022-05-19 14:06:40.152845;1e526008-75f7-4a01-9942-d178f2b38888;2022-05-19 14:06:40.152846;1e526008-75f7-4a01-9942-d178f2b38888;c6e216a5-81dd-08c5-835b-b9466db02047;0001-01-01 00:00:00;0001-01-01 00:00:00;78c338af-99ae-547f-5bde-c0c8ed93254f;1;8dbe9c25-0ad1-449f-8e8d-9359295957a0;0;;0;0;0;0;0;0;0;;0
166c79e6-e7bb-46e4-983f-9aec05c382a1;f;2022-05-19 14:06:40.204122;1e526008-75f7-4a01-9942-d178f2b38888;2022-05-19 14:06:40.204124;1e526008-75f7-4a01-9942-d178f2b38888;0e574a9c-585c-838c-8177-8a36c9ca0d4f;0001-01-01 00:00:00;0001-01-01 00:00:00;c2a8db17-55f0-31d3-1cf7-b78cb122834a;1;8dbe9c25-0ad1-449f-8e8d-9359295957a0;0;;0;0;0;0;0;0;0;;0
8de947a2-e3ac-4eb9-8300-44bab66c641c;f;2022-05-19 14:06:40.25499;1e526008-75f7-4a01-9942-d178f2b38888;2022-05-19 14:06:40.254991;1e526008-75f7-4a01-9942-d178f2b38888;6222329d-302b-4690-66a9-664f7bb91df8;0001-01-01 00:00:00;0001-01-01 00:00:00;ecc7aac2-10c2-a2e2-169e-c8c76ee94372;1;8dbe9c25-0ad1-449f-8e8d-9359295957a0;0;;0;0;0;0;0;0;0;;0
130c0411-8b14-4a8c-8621-42887a814949;f;2022-05-19 14:06:40.30647;1e526008-75f7-4a01-9942-d178f2b38888;2022-05-19 14:06:40.306472;1e526008-75f7-4a01-9942-d178f2b38888;387db9b3-8a1b-83c9-7132-48250d686bda;0001-01-01 00:00:00;0001-01-01 00:00:00;cde83323-0b4c-25ea-4321-663453e36b2a;1;8dbe9c25-0ad1-449f-8e8d-9359295957a0;0;;0;0;0;0;0;0;0;;0
254bddcd-6609-4e88-a804-b4a55e695098;f;2022-05-19 14:06:40.357955;1e526008-75f7-4a01-9942-d178f2b38888;2022-05-19 14:06:40.357956;1e526008-75f7-4a01-9942-d178f2b38888;e574eddc-3dcf-0338-0ea3-19edca4c95ac;0001-01-01 00:00:00;0001-01-01 00:00:00;4002a21b-5a57-5947-77f7-b8ebf4a345ad;1;8dbe9c25-0ad1-449f-8e8d-9359295957a0;0;;0;0;0;0;0;0;0;;0
a5abdef8-c1fe-4146-8af6-4d9bf125cb63;f;2022-05-19 14:06:40.410669;1e526008-75f7-4a01-9942-d178f2b38888;2022-05-19 14:06:40.41067;1e526008-75f7-4a01-9942-d178f2b38888;f7d2a6ef-2e86-500f-026d-efbca133a4ab;0001-01-01 00:00:00;0001-01-01 00:00:00;bda458f0-5207-66cc-9149-9992367e663d;1;8dbe9c25-0ad1-449f-8e8d-9359295957a0;0;;0;0;0;0;0;0;0;;0
6950f0a7-f1c9-4736-80c4-95bfdc80ec4f;f;2022-05-19 14:06:40.462735;1e526008-75f7-4a01-9942-d178f2b38888;2022-05-19 14:06:40.462737;1e526008-75f7-4a01-9942-d178f2b38888;3a889059-28bf-274a-2e5e-173a4481776b;0001-01-01 00:00:00;0001-01-01 00:00:00;9a587094-5c46-44c5-16b3-4dbb38ee1d8d;1;8dbe9c25-0ad1-449f-8e8d-9359295957a0;0;;0;0;0;0;0;0;0;;0
06cadf68-5673-4275-99d2-1601680cbdcb;f;2022-05-19 14:06:40.514722;1e526008-75f7-4a01-9942-d178f2b38888;2022-05-19 14:06:40.514723;1e526008-75f7-4a01-9942-d178f2b38888;083a73a8-7e59-078e-76cf-b1c9c59d054a;0001-01-01 00:00:00;0001-01-01 00:00:00;0200f47b-83a7-a30c-6141-e04800fa3657;1;8dbe9c25-0ad1-449f-8e8d-9359295957a0;0;;0;0;0;0;0;0;0;;0
e56ff89e-46ef-4e2c-9d27-a968e222f0ff;f;2022-05-19 14:06:40.56744;1e526008-75f7-4a01-9942-d178f2b38888;2022-05-19 14:06:40.567441;1e526008-75f7-4a01-9942-d178f2b38888;007b6222-8226-4952-80f2-d26b9aa89935;0001-01-01 00:00:00;0001-01-01 00:00:00;940a2f1a-067e-982f-85db-f1a978d21bd2;1;8dbe9c25-0ad1-449f-8e8d-9359295957a0;0;;0;0;0;0;0;0;0;;0
c99ee50e-d85c-4d32-9cb0-04c61b22a765;f;2022-05-19 14:06:40.619926;1e526008-75f7-4a01-9942-d178f2b38888;2022-05-19 14:06:40.619927;1e526008-75f7-4a01-9942-d178f2b38888;070014c1-5da4-38ee-14f9-84f22e0a9e9c;0001-01-01 00:00:00;0001-01-01 00:00:00;2fe5717a-26ed-53f1-a3cc-04d221056fd4;1;8dbe9c25-0ad1-449f-8e8d-9359295957a0;0;;0;0;0;0;0;0;0;;0
493304f7-d8a6-4261-9f96-33764191023a;f;2022-05-19 14:07:13.749801;1e526008-75f7-4a01-9942-d178f2b38888;2022-05-19 14:07:13.749801;1e526008-75f7-4a01-9942-d178f2b38888;00991607-27c9-2b67-1505-808bdfb971df;0001-01-01 00:00:00;0001-01-01 00:00:00;c32702cb-0ad3-312b-0283-7fc034262afa;1;8dbe9c25-0ad1-449f-8e8d-9359295957a0;0;;0;0;0;0;0;0;0;;0
cf8f9d2d-3d21-46fd-b19b-c1d15349154d;f;2022-05-19 14:07:13.756418;1e526008-75f7-4a01-9942-d178f2b38888;2022-05-19 14:07:13.756418;1e526008-75f7-4a01-9942-d178f2b38888;5a13e444-a2cb-4b72-4521-0ac3e06a56fe;0001-01-01 00:00:00;0001-01-01 00:00:00;ff817719-5823-0ec2-3939-f1d4b8070a3e;1;8dbe9c25-0ad1-449f-8e8d-9359295957a0;0;;0;0;0;0;0;0;0;;0
c9fc2b9a-82ba-4c84-9399-20d8ded26a22;f;2022-05-19 14:07:13.765886;1e526008-75f7-4a01-9942-d178f2b38888;2022-05-19 14:07:13.765886;1e526008-75f7-4a01-9942-d178f2b38888;fccef5f2-4a94-366f-112b-cbf714ff126c;0001-01-01 00:00:00;0001-01-01 00:00:00;c2c16639-2b61-2f73-578e-0217ca1d0438;1;8dbe9c25-0ad1-449f-8e8d-9359295957a0;0;;0;0;0;0;0;0;0;;0
ab4906eb-0c59-4b24-84ea-cbf4194046b4;f;2022-05-19 14:07:13.771986;1e526008-75f7-4a01-9942-d178f2b38888;2022-05-19 14:07:13.771987;1e526008-75f7-4a01-9942-d178f2b38888;73786123-79e5-5912-57d4-1dc4c36575cd;0001-01-01 00:00:00;0001-01-01 00:00:00;35a98504-585b-60a8-471a-4000d1d9045f;1;8dbe9c25-0ad1-449f-8e8d-9359295957a0;0;;0;0;0;0;0;0;0;;0
1e391386-ca17-48f7-a6df-534826b65d2c;f;2022-05-19 14:07:13.777502;1e526008-75f7-4a01-9942-d178f2b38888;2022-05-19 14:07:13.777503;1e526008-75f7-4a01-9942-d178f2b38888;42244185-2641-09bd-9fc6-2273b3628a80;0001-01-01 00:00:00;0001-01-01 00:00:00;d576ff90-8ac1-1b21-88f8-82a40f8a97e8;1;8dbe9c25-0ad1-449f-8e8d-9359295957a0;0;;0;0;0;0;0;0;0;;0
e2f02966-0507-4727-8e69-c0af5540f328;f;2022-05-19 14:07:13.782244;1e526008-75f7-4a01-9942-d178f2b38888;2022-05-19 14:07:13.782244;1e526008-75f7-4a01-9942-d178f2b38888;264e3253-095b-5d19-9696-33e714602ba5;0001-01-01 00:00:00;0001-01-01 00:00:00;c8539f2b-a13e-437b-8a38-421cc5380316;1;8dbe9c25-0ad1-449f-8e8d-9359295957a0;0;;0;0;0;0;0;0;0;;0
12126265-320a-46bf-bed9-de1475607642;f;2022-05-19 14:07:13.791861;1e526008-75f7-4a01-9942-d178f2b38888;2022-05-19 14:07:13.791862;1e526008-75f7-4a01-9942-d178f2b38888;d9071b9e-99a1-2e00-496b-dc6bf3cb5f6a;0001-01-01 00:00:00;0001-01-01 00:00:00;8ab75490-2515-1e2a-9a4b-7bce8648191a;1;8dbe9c25-0ad1-449f-8e8d-9359295957a0;0;;0;0;0;0;0;0;0;;0
9acf0a7f-f510-466f-9e13-f2e233fc34a3;f;2022-05-19 14:07:13.797783;1e526008-75f7-4a01-9942-d178f2b38888;2022-05-19 14:07:13.797784;1e526008-75f7-4a01-9942-d178f2b38888;21367177-9732-7707-529e-e6c9adf063bf;0001-01-01 00:00:00;0001-01-01 00:00:00;2519012e-2239-7fd9-561d-248d486581f9;1;8dbe9c25-0ad1-449f-8e8d-9359295957a0;0;;0;0;0;0;0;0;0;;0
99863c98-0000-4390-a898-8cb331fc47ff;f;2022-05-19 14:07:13.802858;1e526008-75f7-4a01-9942-d178f2b38888;2022-05-19 14:07:13.802859;1e526008-75f7-4a01-9942-d178f2b38888;bdc7e093-0e72-52de-917b-62c9e18930ba;0001-01-01 00:00:00;0001-01-01 00:00:00;355d11a8-09f0-92d8-0338-b54b4dde5dcf;1;8dbe9c25-0ad1-449f-8e8d-9359295957a0;0;;0;0;0;0;0;0;0;;0
ca3bb953-ac09-4141-911a-1dfdfb50137a;f;2022-05-19 14:07:13.807752;1e526008-75f7-4a01-9942-d178f2b38888;2022-05-19 14:07:13.807752;1e526008-75f7-4a01-9942-d178f2b38888;d446c2c5-3604-20c9-7db0-fe934a311ec1;0001-01-01 00:00:00;0001-01-01 00:00:00;9e454d1a-7f69-91d2-332d-d69ab98f6606;1;8dbe9c25-0ad1-449f-8e8d-9359295957a0;0;;0;0;0;0;0;0;0;;0
3cb812a2-e23f-4d9a-b5b0-6029f84b9dc3;f;2022-05-19 14:07:13.815117;1e526008-75f7-4a01-9942-d178f2b38888;2022-05-19 14:07:13.815117;1e526008-75f7-4a01-9942-d178f2b38888;9bd6f737-8799-85a1-5504-343c0e49076a;0001-01-01 00:00:00;0001-01-01 00:00:00;1303ed2f-4d38-a094-2799-dd000b7c9f56;1;8dbe9c25-0ad1-449f-8e8d-9359295957a0;0;;0;0;0;0;0;0;0;;0
a10babe0-1bd7-4e9b-b765-d318e6700bf4;f;2022-05-19 14:07:13.824698;1e526008-75f7-4a01-9942-d178f2b38888;2022-05-19 14:07:13.824698;1e526008-75f7-4a01-9942-d178f2b38888;a0131061-3a4c-6363-6f48-1e483317a712;0001-01-01 00:00:00;0001-01-01 00:00:00;d370d562-1044-9039-230c-2f8d5bc566be;1;8dbe9c25-0ad1-449f-8e8d-9359295957a0;0;;0;0;0;0;0;0;0;;0
b77c79e3-0f95-4c16-bc6a-40c594cdd4d0;f;2022-05-19 14:07:13.838264;1e526008-75f7-4a01-9942-d178f2b38888;2022-05-19 14:07:13.838264;1e526008-75f7-4a01-9942-d178f2b38888;bdd5af22-50e5-0ff7-1857-2e4daf0c239f;0001-01-01 00:00:00;0001-01-01 00:00:00;862776b5-2061-26d7-9686-8d9d01d6a136;1;8dbe9c25-0ad1-449f-8e8d-9359295957a0;0;;0;0;0;0;0;0;0;;0
d7203416-c58e-45db-96c2-feb52a27c53b;f;2022-05-19 14:07:13.847662;1e526008-75f7-4a01-9942-d178f2b38888;2022-05-19 14:07:13.847662;1e526008-75f7-4a01-9942-d178f2b38888;c3bdd3c4-749d-1e99-4def-1755d3bf16cd;0001-01-01 00:00:00;0001-01-01 00:00:00;637df4c4-13dc-1443-5906-da4e6fb6a111;1;8dbe9c25-0ad1-449f-8e8d-9359295957a0;0;;0;0;0;0;0;0;0;;0
eda67aec-ae3f-4e8c-8ffd-b937ea693e5a;f;2022-05-19 14:07:13.853475;1e526008-75f7-4a01-9942-d178f2b38888;2022-05-19 14:07:13.853475;1e526008-75f7-4a01-9942-d178f2b38888;17eb905b-7904-a147-9735-aabe55fd2e0e;0001-01-01 00:00:00;0001-01-01 00:00:00;1e40c2bd-8d43-2ccb-996e-c37a5929a3c9;1;8dbe9c25-0ad1-449f-8e8d-9359295957a0;0;;0;0;0;0;0;0;0;;0
d992a20e-5c30-4257-80cf-36687730cb0c;f;2022-05-19 14:07:13.858952;1e526008-75f7-4a01-9942-d178f2b38888;2022-05-19 14:07:13.858952;1e526008-75f7-4a01-9942-d178f2b38888;73eacc54-68a6-39bf-89e8-dead2f543d3b;0001-01-01 00:00:00;0001-01-01 00:00:00;cfff6d1c-243b-171b-7e44-bca7a29e9708;1;8dbe9c25-0ad1-449f-8e8d-9359295957a0;0;;0;0;0;0;0;0;0;;0
a0f159d6-4a9a-4254-8733-e77e2459734d;f;2022-05-19 14:07:13.869078;1e526008-75f7-4a01-9942-d178f2b38888;2022-05-19 14:07:13.869079;1e526008-75f7-4a01-9942-d178f2b38888;d036797d-3d66-00ef-03fa-db7e51254eeb;0001-01-01 00:00:00;0001-01-01 00:00:00;45fdd29b-a4d6-a7a6-25c0-0affed3a5b5c;1;8dbe9c25-0ad1-449f-8e8d-9359295957a0;0;;0;0;0;0;0;0;0;;0
d1cd1f34-f67d-4f23-bf92-72b262a2e952;f;2022-05-19 14:07:13.875582;1e526008-75f7-4a01-9942-d178f2b38888;2022-05-19 14:07:13.875583;1e526008-75f7-4a01-9942-d178f2b38888;b18b3b74-40d3-93da-61f2-dfa58a7c295b;0001-01-01 00:00:00;0001-01-01 00:00:00;ed73b7b7-3ebc-3694-12f4-bc2224a88df4;1;8dbe9c25-0ad1-449f-8e8d-9359295957a0;0;;0;0;0;0;0;0;0;;0
d87c05ee-875b-471b-a89b-5bc22c5520d3;f;2022-05-19 14:07:13.884113;1e526008-75f7-4a01-9942-d178f2b38888;2022-05-19 14:07:13.884114;1e526008-75f7-4a01-9942-d178f2b38888;bfc598c4-59cc-26a6-8337-3de4f3d16af7;0001-01-01 00:00:00;0001-01-01 00:00:00;c3c7b902-6d93-1271-4e4b-f6cef0bf028a;1;8dbe9c25-0ad1-449f-8e8d-9359295957a0;0;;0;0;0;0;0;0;0;;0
8231c4a3-28d8-4855-867f-3f116cba7fb8;f;2022-05-19 14:07:13.891179;1e526008-75f7-4a01-9942-d178f2b38888;2022-05-19 14:07:13.891179;1e526008-75f7-4a01-9942-d178f2b38888;10c192aa-6b0f-0d18-a4e8-7fa3fbdc4f0f;0001-01-01 00:00:00;0001-01-01 00:00:00;6476bea5-9ed4-89a7-2eae-0a158aeda38b;1;8dbe9c25-0ad1-449f-8e8d-9359295957a0;0;;0;0;0;0;0;0;0;;0
b0ac972f-d36d-43a7-9d55-c311c1c6259c;f;2022-05-19 14:07:13.899648;1e526008-75f7-4a01-9942-d178f2b38888;2022-05-19 14:07:13.899649;1e526008-75f7-4a01-9942-d178f2b38888;c7080fc5-9026-123f-a49a-78aff79d7dfa;0001-01-01 00:00:00;0001-01-01 00:00:00;2288affa-01a7-6bf8-06f5-c808b35d2122;1;8dbe9c25-0ad1-449f-8e8d-9359295957a0;0;;0;0;0;0;0;0;0;;0
d9775de9-bf3a-41df-8cc7-98b894fc4696;f;2022-05-19 14:07:13.908815;1e526008-75f7-4a01-9942-d178f2b38888;2022-05-19 14:07:13.908815;1e526008-75f7-4a01-9942-d178f2b38888;13391cd1-8cf9-73a7-9801-8318512e0043;0001-01-01 00:00:00;0001-01-01 00:00:00;a861dc05-32c8-2a42-5651-34df66c79669;1;8dbe9c25-0ad1-449f-8e8d-9359295957a0;0;;0;0;0;0;0;0;0;;0
99ee0611-b480-488b-afee-136bf32d0b21;f;2022-05-19 14:07:13.915449;1e526008-75f7-4a01-9942-d178f2b38888;2022-05-19 14:07:13.91545;1e526008-75f7-4a01-9942-d178f2b38888;cced2a6f-6f7b-7deb-3153-dbfb70b32790;0001-01-01 00:00:00;0001-01-01 00:00:00;3723aa8d-63b2-1068-41cb-2324fbda28e3;1;8dbe9c25-0ad1-449f-8e8d-9359295957a0;0;;0;0;0;0;0;0;0;;0
df8c68f9-a596-4bde-a6ae-34dc5fef5235;f;2022-05-19 14:07:13.923564;1e526008-75f7-4a01-9942-d178f2b38888;2022-05-19 14:07:13.923565;1e526008-75f7-4a01-9942-d178f2b38888;fc5926df-6c3a-5561-68a1-d7aca52f93a9;0001-01-01 00:00:00;0001-01-01 00:00:00;4a6863d1-4391-0417-69c4-e79c0fe05328;1;8dbe9c25-0ad1-449f-8e8d-9359295957a0;0;;0;0;0;0;0;0;0;;0
d258ae0d-c4fd-4a77-bb08-f61eda67b297;f;2022-05-19 14:07:13.930452;1e526008-75f7-4a01-9942-d178f2b38888;2022-05-19 14:07:13.930454;1e526008-75f7-4a01-9942-d178f2b38888;befaf7f7-5568-9dc5-4ad0-b5e38ccf0719;0001-01-01 00:00:00;0001-01-01 00:00:00;fa047fd9-9a0b-6b65-8075-e2d293687d0e;1;8dbe9c25-0ad1-449f-8e8d-9359295957a0;0;;0;0;0;0;0;0;0;;0
2e34c008-94bb-4e66-a3da-060624ae4300;f;2022-05-19 14:07:13.942536;1e526008-75f7-4a01-9942-d178f2b38888;2022-05-19 14:07:13.942537;1e526008-75f7-4a01-9942-d178f2b38888;690b02e7-5f85-3bcd-0963-de29f1c2135b;0001-01-01 00:00:00;0001-01-01 00:00:00;a200148f-5999-18ed-2e5d-d5d918a4a57d;1;8dbe9c25-0ad1-449f-8e8d-9359295957a0;0;;0;0;0;0;0;0;0;;0
6a55e41c-56ff-4fbe-bedf-f1e3ac122f28;f;2022-05-19 14:07:13.952442;1e526008-75f7-4a01-9942-d178f2b38888;2022-05-19 14:07:13.952443;1e526008-75f7-4a01-9942-d178f2b38888;55296a9e-6455-8fa8-1398-32175f7e56a3;0001-01-01 00:00:00;0001-01-01 00:00:00;46e43d0b-03d1-999a-5d5c-5230883c72ab;1;8dbe9c25-0ad1-449f-8e8d-9359295957a0;0;;0;0;0;0;0;0;0;;0
9b691e86-698d-4e91-95c2-eed2c3c67876;f;2022-05-19 14:07:13.967867;1e526008-75f7-4a01-9942-d178f2b38888;2022-05-19 14:07:13.967868;1e526008-75f7-4a01-9942-d178f2b38888;c69e45a6-6ab2-7ef1-8e42-a5d88a336eba;0001-01-01 00:00:00;0001-01-01 00:00:00;73d74c3b-2d2c-2f7f-849a-6dab87a784f0;1;8dbe9c25-0ad1-449f-8e8d-9359295957a0;0;;0;0;0;0;0;0;0;;0
d216510f-8c6f-47e5-95fe-cca50cf3946b;f;2022-05-19 14:07:13.975342;1e526008-75f7-4a01-9942-d178f2b38888;2022-05-19 14:07:13.975343;1e526008-75f7-4a01-9942-d178f2b38888;6b02fb61-2fe2-4866-8ba6-f73cfc4b92b4;0001-01-01 00:00:00;0001-01-01 00:00:00;826a0fe6-1dd4-8f71-0a61-6a07b9113108;1;8dbe9c25-0ad1-449f-8e8d-9359295957a0;0;;0;0;0;0;0;0;0;;0
5b9dfb43-c991-407b-ab9b-e7fa53f07aca;f;2022-05-19 14:07:13.986929;1e526008-75f7-4a01-9942-d178f2b38888;2022-05-19 14:07:13.98693;1e526008-75f7-4a01-9942-d178f2b38888;1e5a73cd-2385-08e6-9dcd-c98033501d4c;0001-01-01 00:00:00;0001-01-01 00:00:00;4f91ab2b-6ae9-2d8a-9cbf-945241516b90;1;8dbe9c25-0ad1-449f-8e8d-9359295957a0;0;;0;0;0;0;0;0;0;;0
856a000c-4b01-43bb-9c42-4d484e855961;f;2022-05-19 14:07:13.998248;1e526008-75f7-4a01-9942-d178f2b38888;2022-05-19 14:07:13.998248;1e526008-75f7-4a01-9942-d178f2b38888;f8eab4e2-3f4c-895a-9e82-662dc10f2bb5;0001-01-01 00:00:00;0001-01-01 00:00:00;a9ed1724-0c8b-30f5-8e4c-b36cd3a161b2;1;8dbe9c25-0ad1-449f-8e8d-9359295957a0;0;;0;0;0;0;0;0;0;;0
edd7e635-c861-4482-b3f5-d72a6aadf4a3;f;2022-05-19 14:07:14.005925;1e526008-75f7-4a01-9942-d178f2b38888;2022-05-19 14:07:14.005925;1e526008-75f7-4a01-9942-d178f2b38888;c6c973da-87ba-307e-865c-2254738971a2;0001-01-01 00:00:00;0001-01-01 00:00:00;34a2b558-085a-5a68-1c8f-b451a05b485a;1;8dbe9c25-0ad1-449f-8e8d-9359295957a0;0;;0;0;0;0;0;0;0;;0
c34c9666-f82a-4181-8b5e-aa9c44e4bdf9;f;2022-05-19 14:07:14.016649;1e526008-75f7-4a01-9942-d178f2b38888;2022-05-19 14:07:14.016649;1e526008-75f7-4a01-9942-d178f2b38888;11d9322d-8466-6e24-65b2-f890f87e563d;0001-01-01 00:00:00;0001-01-01 00:00:00;7e6a4b24-0380-a3fb-4709-0f73df96a636;1;8dbe9c25-0ad1-449f-8e8d-9359295957a0;0;;0;0;0;0;0;0;0;;0
b212f568-0136-47da-8815-a997e007b7ee;f;2022-05-19 14:07:14.02619;1e526008-75f7-4a01-9942-d178f2b38888;2022-05-19 14:07:14.026191;1e526008-75f7-4a01-9942-d178f2b38888;bdd7a539-0c6f-0abb-8777-019aeea93e72;0001-01-01 00:00:00;0001-01-01 00:00:00;b86537dc-48aa-4b6a-370d-bb4d327d9ca5;1;8dbe9c25-0ad1-449f-8e8d-9359295957a0;0;;0;0;0;0;0;0;0;;0
0833bb33-cd20-4e5b-97e9-160e65fa207e;f;2022-05-19 14:07:14.036436;1e526008-75f7-4a01-9942-d178f2b38888;2022-05-19 14:07:14.036436;1e526008-75f7-4a01-9942-d178f2b38888;b56e1c8c-12ed-1309-8ad9-331428250c6a;0001-01-01 00:00:00;0001-01-01 00:00:00;097d8da9-61c9-1d54-9036-b295e10e4249;1;8dbe9c25-0ad1-449f-8e8d-9359295957a0;0;;0;0;0;0;0;0;0;;0
7a69a14f-db43-4004-bfdf-af29bf099f24;f;2022-05-19 14:07:14.044628;1e526008-75f7-4a01-9942-d178f2b38888;2022-05-19 14:07:14.044629;1e526008-75f7-4a01-9942-d178f2b38888;061b9520-8029-a3ff-0f7c-6a61999283bd;0001-01-01 00:00:00;0001-01-01 00:00:00;43925dcf-1ac3-484a-46db-9cc3761d3b6c;1;8dbe9c25-0ad1-449f-8e8d-9359295957a0;0;;0;0;0;0;0;0;0;;0
288b00bd-c33a-4720-980e-9cbae77ecd70;f;2022-05-19 14:07:14.055152;1e526008-75f7-4a01-9942-d178f2b38888;2022-05-19 14:07:14.055153;1e526008-75f7-4a01-9942-d178f2b38888;dc095a67-82e7-a27a-8ee7-8d8a4fea5519;0001-01-01 00:00:00;0001-01-01 00:00:00;e43de0ac-104a-29e8-1e7f-bc99158b6857;1;8dbe9c25-0ad1-449f-8e8d-9359295957a0;0;;0;0;0;0;0;0;0;;0
0bc901b5-02c6-4117-92e6-9ab877a97e13;f;2022-05-19 14:07:14.072133;1e526008-75f7-4a01-9942-d178f2b38888;2022-05-19 14:07:14.072133;1e526008-75f7-4a01-9942-d178f2b38888;d390d894-8901-1624-3528-21be79e9597b;0001-01-01 00:00:00;0001-01-01 00:00:00;4dd10339-a6fc-57dd-2719-511f765e042b;1;8dbe9c25-0ad1-449f-8e8d-9359295957a0;0;;0;0;0;0;0;0;0;;0
4c823bc3-65f1-4080-8442-16572509dcd9;f;2022-05-19 14:07:14.083611;1e526008-75f7-4a01-9942-d178f2b38888;2022-05-19 14:07:14.083612;1e526008-75f7-4a01-9942-d178f2b38888;aaab32aa-69b4-958b-43c1-9a484f8b6892;0001-01-01 00:00:00;0001-01-01 00:00:00;82a37804-5d0a-6406-44c4-0eea6cbe90ed;1;8dbe9c25-0ad1-449f-8e8d-9359295957a0;0;;0;0;0;0;0;0;0;;0
0089a127-29f1-473a-a59e-0397f7a108df;f;2022-05-19 14:07:14.091595;1e526008-75f7-4a01-9942-d178f2b38888;2022-05-19 14:07:14.091596;1e526008-75f7-4a01-9942-d178f2b38888;538a963c-431b-0789-32b2-7833f674139c;0001-01-01 00:00:00;0001-01-01 00:00:00;730da681-0fb0-708b-9f13-05781dbc6777;1;8dbe9c25-0ad1-449f-8e8d-9359295957a0;0;;0;0;0;0;0;0;0;;0
dedaa0dd-b85b-473a-b6d0-23c3eefcbe0b;f;2022-05-19 14:07:14.10059;1e526008-75f7-4a01-9942-d178f2b38888;2022-05-19 14:07:14.100591;1e526008-75f7-4a01-9942-d178f2b38888;3e15f4d6-6297-7cc6-6de0-d39cbbd39e73;0001-01-01 00:00:00;0001-01-01 00:00:00;63713e84-248f-865a-943f-a13f4bcb895e;1;8dbe9c25-0ad1-449f-8e8d-9359295957a0;0;;0;0;0;0;0;0;0;;0
87f1c5b6-cf60-4360-b3a2-a7ba32a23507;f;2022-05-19 14:07:14.110806;1e526008-75f7-4a01-9942-d178f2b38888;2022-05-19 14:07:14.110808;1e526008-75f7-4a01-9942-d178f2b38888;b7737ca4-9176-6c4e-3622-b85c7b678e67;0001-01-01 00:00:00;0001-01-01 00:00:00;1272a128-90d6-105c-80bd-c8e93296861d;1;8dbe9c25-0ad1-449f-8e8d-9359295957a0;0;;0;0;0;0;0;0;0;;0
04d6e2ea-c60d-4f16-9bae-e5e49603a9af;f;2022-05-19 14:07:14.120547;1e526008-75f7-4a01-9942-d178f2b38888;2022-05-19 14:07:14.120548;1e526008-75f7-4a01-9942-d178f2b38888;fb14d869-65cf-3d40-a644-1f50cd3317de;0001-01-01 00:00:00;0001-01-01 00:00:00;cdf03887-827c-67c9-7538-99f4ba4a2f38;1;8dbe9c25-0ad1-449f-8e8d-9359295957a0;0;;0;0;0;0;0;0;0;;0
149d0647-3769-408d-889d-773526233531;f;2022-05-19 14:07:14.129074;1e526008-75f7-4a01-9942-d178f2b38888;2022-05-19 14:07:14.129075;1e526008-75f7-4a01-9942-d178f2b38888;d231aa93-44cc-2c3d-28a2-3cc31cb57b43;0001-01-01 00:00:00;0001-01-01 00:00:00;f1bd17f1-3977-0b31-a565-34c4a1887cfd;1;8dbe9c25-0ad1-449f-8e8d-9359295957a0;0;;0;0;0;0;0;0;0;;0
48d16dc8-203b-409e-9763-3aedaa24d1b6;f;2022-05-19 14:07:14.139145;1e526008-75f7-4a01-9942-d178f2b38888;2022-05-19 14:07:14.139146;1e526008-75f7-4a01-9942-d178f2b38888;892c2f48-0051-1595-545a-522be5e33eb9;0001-01-01 00:00:00;0001-01-01 00:00:00;44c6c854-2572-6336-4a66-3b33f8ce7117;1;8dbe9c25-0ad1-449f-8e8d-9359295957a0;0;;0;0;0;0;0;0;0;;0
fc9b0101-757a-41fd-a5dc-98ecfcb05d69;f;2022-05-19 14:07:14.151266;1e526008-75f7-4a01-9942-d178f2b38888;2022-05-19 14:07:14.151267;1e526008-75f7-4a01-9942-d178f2b38888;5e688bde-5949-8736-48d4-371c24728c96;0001-01-01 00:00:00;0001-01-01 00:00:00;160493b8-2b04-8fa6-1ae0-7e7dba3b68c1;1;8dbe9c25-0ad1-449f-8e8d-9359295957a0;0;;0;0;0;0;0;0;0;;0
7b8621af-ef2e-40b4-b927-075b5dcfff46;f;2022-05-19 14:07:14.170928;1e526008-75f7-4a01-9942-d178f2b38888;2022-05-19 14:07:14.170928;1e526008-75f7-4a01-9942-d178f2b38888;9eb6a0d7-2aaa-010f-416d-cb2f789b8940;0001-01-01 00:00:00;0001-01-01 00:00:00;326a9fa7-6b65-9581-20fb-998491f741f6;1;8dbe9c25-0ad1-449f-8e8d-9359295957a0;0;;0;0;0;0;0;0;0;;0
4a2699ab-307b-4725-87aa-039b3a320462;f;2022-05-19 14:07:14.179795;1e526008-75f7-4a01-9942-d178f2b38888;2022-05-19 14:07:14.179796;1e526008-75f7-4a01-9942-d178f2b38888;7bfda04a-06d9-a203-6ad0-c74265642e48;0001-01-01 00:00:00;0001-01-01 00:00:00;f1de1587-9d14-1b24-5b1b-d71d82d613f4;1;8dbe9c25-0ad1-449f-8e8d-9359295957a0;0;;0;0;0;0;0;0;0;;0
9af1b3c9-18b9-4413-bac0-6cb75e6b27db;f;2022-05-19 14:07:14.188295;1e526008-75f7-4a01-9942-d178f2b38888;2022-05-19 14:07:14.188296;1e526008-75f7-4a01-9942-d178f2b38888;1a3365ca-4a43-0876-19ae-2277836d8945;0001-01-01 00:00:00;0001-01-01 00:00:00;9368dfa4-71ed-6623-a225-076a85cf9877;1;8dbe9c25-0ad1-449f-8e8d-9359295957a0;0;;0;0;0;0;0;0;0;;0
31d1fad8-f275-4b56-acbf-7a9f0cf8426f;f;2022-05-19 14:07:14.197372;1e526008-75f7-4a01-9942-d178f2b38888;2022-05-19 14:07:14.197373;1e526008-75f7-4a01-9942-d178f2b38888;2ca22957-1bf2-4e6b-3aa3-ea9367445bb3;0001-01-01 00:00:00;0001-01-01 00:00:00;c1e1d4e1-0727-4471-2be9-aae88e9c8ece;1;8dbe9c25-0ad1-449f-8e8d-9359295957a0;0;;0;0;0;0;0;0;0;;0
f121b8cf-5917-4e98-a011-98d9ca0810d1;f;2022-05-19 14:07:14.206275;1e526008-75f7-4a01-9942-d178f2b38888;2022-05-19 14:07:14.206276;1e526008-75f7-4a01-9942-d178f2b38888;06b93e48-42a9-4a8c-77ac-eaa5a80758a5;0001-01-01 00:00:00;0001-01-01 00:00:00;1b7f2d6f-259c-894b-6720-d05ddc880f88;1;8dbe9c25-0ad1-449f-8e8d-9359295957a0;0;;0;0;0;0;0;0;0;;0
e6659cb5-8bdc-4364-82e5-a6edbc97ddad;f;2022-05-19 14:07:14.221636;1e526008-75f7-4a01-9942-d178f2b38888;2022-05-19 14:07:14.221636;1e526008-75f7-4a01-9942-d178f2b38888;79c3055a-791e-0aca-8e7c-db1cdb2c7e86;0001-01-01 00:00:00;0001-01-01 00:00:00;2e731fa5-8205-10f2-4d83-ec56edbc6a30;1;8dbe9c25-0ad1-449f-8e8d-9359295957a0;0;;0;0;0;0;0;0;0;;0
3e30fd67-d99f-4e1c-8caa-5905e954df49;f;2022-05-19 14:07:14.231175;1e526008-75f7-4a01-9942-d178f2b38888;2022-05-19 14:07:14.231176;1e526008-75f7-4a01-9942-d178f2b38888;c8a2cc1c-1ce4-5ac9-053b-e7406ec93ba1;0001-01-01 00:00:00;0001-01-01 00:00:00;fcb338ea-2529-64b1-191d-8e2d90140498;1;8dbe9c25-0ad1-449f-8e8d-9359295957a0;0;;0;0;0;0;0;0;0;;0
cb3fabb9-e931-4087-9f7b-6fe272ff4ad1;f;2022-05-19 14:07:14.240101;1e526008-75f7-4a01-9942-d178f2b38888;2022-05-19 14:07:14.240102;1e526008-75f7-4a01-9942-d178f2b38888;22a29044-082a-77ae-2f18-710fa9a191d5;0001-01-01 00:00:00;0001-01-01 00:00:00;bb1a1898-909f-0268-a2f4-22e1a35f669f;1;8dbe9c25-0ad1-449f-8e8d-9359295957a0;0;;0;0;0;0;0;0;0;;0
5a96232d-6e85-42fb-8e3f-a75039d68dcb;f;2022-05-19 14:07:14.250075;1e526008-75f7-4a01-9942-d178f2b38888;2022-05-19 14:07:14.250075;1e526008-75f7-4a01-9942-d178f2b38888;63636669-50eb-3b7e-9379-82f70615705a;0001-01-01 00:00:00;0001-01-01 00:00:00;bf8a63bd-7700-8f27-7f56-ca8b909547d5;1;8dbe9c25-0ad1-449f-8e8d-9359295957a0;0;;0;0;0;0;0;0;0;;0
e5445d7f-9199-4cfe-b161-7f5689d5ef69;f;2022-05-19 14:07:14.262681;1e526008-75f7-4a01-9942-d178f2b38888;2022-05-19 14:07:14.262682;1e526008-75f7-4a01-9942-d178f2b38888;da0e6f9a-9e7d-8f45-a711-28365fbe0aa4;0001-01-01 00:00:00;0001-01-01 00:00:00;e4ae2f14-50be-3927-8270-ab1ebc5b7bd7;1;8dbe9c25-0ad1-449f-8e8d-9359295957a0;0;;0;0;0;0;0;0;0;;0
4332b89a-bc93-4d2b-96ba-3abbe8676ced;f;2022-05-19 14:07:14.272182;1e526008-75f7-4a01-9942-d178f2b38888;2022-05-19 14:07:14.272183;1e526008-75f7-4a01-9942-d178f2b38888;fdfa89b0-4883-6d0d-19d7-4d3c083b21c1;0001-01-01 00:00:00;0001-01-01 00:00:00;4443219d-4d23-3919-119d-8b5a1d6b35c8;1;8dbe9c25-0ad1-449f-8e8d-9359295957a0;0;;0;0;0;0;0;0;0;;0
7ae6779a-f23d-4bce-b555-0a5d7ea2e59d;f;2022-05-19 14:07:14.283398;1e526008-75f7-4a01-9942-d178f2b38888;2022-05-19 14:07:14.283398;1e526008-75f7-4a01-9942-d178f2b38888;1cb5858f-4950-0aae-9621-dc57152d357f;0001-01-01 00:00:00;0001-01-01 00:00:00;65df7508-8d98-a31f-a297-b1c7f6b157dd;1;8dbe9c25-0ad1-449f-8e8d-9359295957a0;0;;0;0;0;0;0;0;0;;0
95c156c0-5f0e-4909-9d95-8daad65999b0;f;2022-05-19 14:07:14.292354;1e526008-75f7-4a01-9942-d178f2b38888;2022-05-19 14:07:14.292355;1e526008-75f7-4a01-9942-d178f2b38888;266f3356-a723-9807-9767-21b2f2b60a5c;0001-01-01 00:00:00;0001-01-01 00:00:00;749b5acf-4334-1b9b-97e4-9b4e8961a2a2;1;8dbe9c25-0ad1-449f-8e8d-9359295957a0;0;;0;0;0;0;0;0;0;;0
e02c0888-b0a8-428a-8df8-9ee8b1b3b437;f;2022-05-19 14:07:14.306251;1e526008-75f7-4a01-9942-d178f2b38888;2022-05-19 14:07:14.306251;1e526008-75f7-4a01-9942-d178f2b38888;0a505eca-8700-a442-99cd-8fec54845c17;0001-01-01 00:00:00;0001-01-01 00:00:00;c913c8c7-20c6-0794-6cab-67e5e3f734b8;1;8dbe9c25-0ad1-449f-8e8d-9359295957a0;0;;0;0;0;0;0;0;0;;0
3544da93-abc9-4060-af92-9daebddd81f5;f;2022-05-19 14:07:14.319217;1e526008-75f7-4a01-9942-d178f2b38888;2022-05-19 14:07:14.319218;1e526008-75f7-4a01-9942-d178f2b38888;3a5c1601-68c5-21db-966b-30e19dc7a3fd;0001-01-01 00:00:00;0001-01-01 00:00:00;c414a702-5e3e-48f0-1bfe-bbd39a3e4860;1;8dbe9c25-0ad1-449f-8e8d-9359295957a0;0;;0;0;0;0;0;0;0;;0
d11e1fd1-21b9-42b7-b6ed-e2e45bd3969f;f;2022-05-19 14:07:14.332511;1e526008-75f7-4a01-9942-d178f2b38888;2022-05-19 14:07:14.332512;1e526008-75f7-4a01-9942-d178f2b38888;b7f160c9-0dd5-1251-0093-7a1896747154;0001-01-01 00:00:00;0001-01-01 00:00:00;ac0b4ec6-5817-8530-08f5-61904ce34425;1;8dbe9c25-0ad1-449f-8e8d-9359295957a0;0;;0;0;0;0;0;0;0;;0
c9a3861b-0a66-42e5-a09e-31d12ff1f69c;f;2022-05-19 14:07:14.342498;1e526008-75f7-4a01-9942-d178f2b38888;2022-05-19 14:07:14.342498;1e526008-75f7-4a01-9942-d178f2b38888;be9d1530-34a5-6750-0bde-56b58de24134;0001-01-01 00:00:00;0001-01-01 00:00:00;bf0cb5a1-2439-2ac2-4ada-5870b2595d3a;1;8dbe9c25-0ad1-449f-8e8d-9359295957a0;0;;0;0;0;0;0;0;0;;0
be6a5478-d4db-4709-93a9-491aaca2bc51;f;2022-05-19 14:07:14.354277;1e526008-75f7-4a01-9942-d178f2b38888;2022-05-19 14:07:14.354277;1e526008-75f7-4a01-9942-d178f2b38888;2d776e89-96ee-605f-2c9e-e10ae81e3bf1;0001-01-01 00:00:00;0001-01-01 00:00:00;cb7d5f35-3544-059a-60f7-6b909618a79b;1;8dbe9c25-0ad1-449f-8e8d-9359295957a0;0;;0;0;0;0;0;0;0;;0
9885598d-7d30-4908-82a6-00bac23b18d7;f;2022-05-19 14:07:14.363941;1e526008-75f7-4a01-9942-d178f2b38888;2022-05-19 14:07:14.363942;1e526008-75f7-4a01-9942-d178f2b38888;3f8dd4da-0ba9-3a3f-5f6a-652c2c8f5944;0001-01-01 00:00:00;0001-01-01 00:00:00;d0c1ecca-1938-5459-97bf-d25297f21c06;1;8dbe9c25-0ad1-449f-8e8d-9359295957a0;0;;0;0;0;0;0;0;0;;0
bf5d717f-552b-423e-a760-e03c1f87abf7;f;2022-05-19 14:07:14.373845;1e526008-75f7-4a01-9942-d178f2b38888;2022-05-19 14:07:14.373846;1e526008-75f7-4a01-9942-d178f2b38888;7922d478-9c83-83aa-5efc-08cec4840d89;0001-01-01 00:00:00;0001-01-01 00:00:00;5f1fd722-6982-858d-a0d6-4c3acc296f51;1;8dbe9c25-0ad1-449f-8e8d-9359295957a0;0;;0;0;0;0;0;0;0;;0
368efda8-5271-404f-a113-6da362cde017;f;2022-05-19 14:07:14.386974;1e526008-75f7-4a01-9942-d178f2b38888;2022-05-19 14:07:14.386974;1e526008-75f7-4a01-9942-d178f2b38888;b55e912a-26e1-6e31-380d-758f56411d50;0001-01-01 00:00:00;0001-01-01 00:00:00;51d3be6a-7343-3100-02e9-6876228449d8;1;8dbe9c25-0ad1-449f-8e8d-9359295957a0;0;;0;0;0;0;0;0;0;;0
ec6689b7-2711-4e46-90fa-7676141958e5;f;2022-05-19 14:07:14.396586;1e526008-75f7-4a01-9942-d178f2b38888;2022-05-19 14:07:14.396588;1e526008-75f7-4a01-9942-d178f2b38888;9adc79ca-2750-5538-5870-90fcce2834ad;0001-01-01 00:00:00;0001-01-01 00:00:00;b825dffd-4716-0fe3-6f13-ead93f7f3251;1;8dbe9c25-0ad1-449f-8e8d-9359295957a0;0;;0;0;0;0;0;0;0;;0
fc737586-7fd7-4dc5-b861-323840516da0;f;2022-05-19 14:07:14.407571;1e526008-75f7-4a01-9942-d178f2b38888;2022-05-19 14:07:14.407571;1e526008-75f7-4a01-9942-d178f2b38888;7a554fd0-6a56-0095-a0fe-776cced08600;0001-01-01 00:00:00;0001-01-01 00:00:00;4ba39c86-7899-5c96-2a43-866a64e4498e;1;8dbe9c25-0ad1-449f-8e8d-9359295957a0;0;;0;0;0;0;0;0;0;;0
0deb9bcd-e5ee-4b87-987b-0e232a8f87e3;f;2022-05-19 14:07:14.418391;1e526008-75f7-4a01-9942-d178f2b38888;2022-05-19 14:07:14.418391;1e526008-75f7-4a01-9942-d178f2b38888;8790a8c6-4d11-6937-2167-86af9de11e14;0001-01-01 00:00:00;0001-01-01 00:00:00;420bda78-6a6f-251a-6764-c4eb7ceb0128;1;8dbe9c25-0ad1-449f-8e8d-9359295957a0;0;;0;0;0;0;0;0;0;;0
e26bdda9-4677-4f9e-b1f9-d40075ef7e4d;f;2022-05-19 14:07:14.428169;1e526008-75f7-4a01-9942-d178f2b38888;2022-05-19 14:07:14.42817;1e526008-75f7-4a01-9942-d178f2b38888;b85ba6b2-28d3-79ed-947d-ed39569e4627;0001-01-01 00:00:00;0001-01-01 00:00:00;1d628fef-8773-51cf-983d-a0c3670e28d3;1;8dbe9c25-0ad1-449f-8e8d-9359295957a0;0;;0;0;0;0;0;0;0;;0
b7bce4b5-b48a-48b8-8633-88b53418dab8;f;2022-05-19 14:07:14.439009;1e526008-75f7-4a01-9942-d178f2b38888;2022-05-19 14:07:14.43901;1e526008-75f7-4a01-9942-d178f2b38888;7b7931c1-6ed1-474a-3aae-d1e172125ed4;0001-01-01 00:00:00;0001-01-01 00:00:00;4ee0bb3a-840a-1103-4900-1bd140d395cc;1;8dbe9c25-0ad1-449f-8e8d-9359295957a0;0;;0;0;0;0;0;0;0;;0
f0e0eda6-8e5e-4670-b696-8b16b72a4d5d;f;2022-05-19 14:07:14.451557;1e526008-75f7-4a01-9942-d178f2b38888;2022-05-19 14:07:14.451557;1e526008-75f7-4a01-9942-d178f2b38888;d29abea1-a359-1c1b-76e0-8d36e6de421d;0001-01-01 00:00:00;0001-01-01 00:00:00;874065ed-23ca-25c3-4684-f8f18e8318e6;1;8dbe9c25-0ad1-449f-8e8d-9359295957a0;0;;0;0;0;0;0;0;0;;0
b0831736-5c35-4bfd-a398-7f0f3af342e4;f;2022-05-19 14:07:14.461633;1e526008-75f7-4a01-9942-d178f2b38888;2022-05-19 14:07:14.461634;1e526008-75f7-4a01-9942-d178f2b38888;bf990666-9106-101e-6259-ecb0135a26ff;0001-01-01 00:00:00;0001-01-01 00:00:00;1499cb7f-9483-0d31-545c-4ac4798859ab;1;8dbe9c25-0ad1-449f-8e8d-9359295957a0;0;;0;0;0;0;0;0;0;;0
a7ecb5eb-24b1-442d-9670-ad792550d8f2;f;2022-05-19 14:07:14.47453;1e526008-75f7-4a01-9942-d178f2b38888;2022-05-19 14:07:14.474531;1e526008-75f7-4a01-9942-d178f2b38888;cffe9080-35cb-6605-3cfa-9bd0da999181;0001-01-01 00:00:00;0001-01-01 00:00:00;ed691376-58b5-7f77-032d-4a07282d5b0f;1;8dbe9c25-0ad1-449f-8e8d-9359295957a0;0;;0;0;0;0;0;0;0;;0
70e6cc1d-333d-462e-856a-3a4194b04af0;f;2022-05-19 14:07:14.488978;1e526008-75f7-4a01-9942-d178f2b38888;2022-05-19 14:07:14.488979;1e526008-75f7-4a01-9942-d178f2b38888;b73455db-7afc-83e1-17f5-2540be8c2100;0001-01-01 00:00:00;0001-01-01 00:00:00;159cc478-a578-3cae-4bf1-c5d5aaff6312;1;8dbe9c25-0ad1-449f-8e8d-9359295957a0;0;;0;0;0;0;0;0;0;;0
14ec636d-18af-48e4-b8cd-9fd4513bcfd5;f;2022-05-19 14:07:14.501028;1e526008-75f7-4a01-9942-d178f2b38888;2022-05-19 14:07:14.501028;1e526008-75f7-4a01-9942-d178f2b38888;1808a77b-413c-1c41-7fc1-f313cb5c9d91;0001-01-01 00:00:00;0001-01-01 00:00:00;f4982530-84f7-520f-1c7e-7b319b8b0c13;1;8dbe9c25-0ad1-449f-8e8d-9359295957a0;0;;0;0;0;0;0;0;0;;0
0d56b910-cb09-4511-b94a-b883e8722b10;f;2022-05-19 14:07:14.511831;1e526008-75f7-4a01-9942-d178f2b38888;2022-05-19 14:07:14.511832;1e526008-75f7-4a01-9942-d178f2b38888;e2c78536-093b-073f-197b-13806a490ee1;0001-01-01 00:00:00;0001-01-01 00:00:00;3a0abd50-0490-12a9-1836-1ce822b57a59;1;8dbe9c25-0ad1-449f-8e8d-9359295957a0;0;;0;0;0;0;0;0;0;;0
5730dde9-63d8-4cd4-8d40-ccaaaf0e8738;f;2022-05-19 14:07:14.522372;1e526008-75f7-4a01-9942-d178f2b38888;2022-05-19 14:07:14.522373;1e526008-75f7-4a01-9942-d178f2b38888;bd49a9e7-9bd2-6edc-7aab-d85fe320006e;0001-01-01 00:00:00;0001-01-01 00:00:00;b9dd5efb-2a69-42a8-995d-baed0b01a538;1;8dbe9c25-0ad1-449f-8e8d-9359295957a0;0;;0;0;0;0;0;0;0;;0
f217f582-c75c-4c64-b50d-5f057111890e;f;2022-05-19 14:07:14.533993;1e526008-75f7-4a01-9942-d178f2b38888;2022-05-19 14:07:14.533993;1e526008-75f7-4a01-9942-d178f2b38888;0c4086af-7736-6a4e-7405-4ebe92ed883e;0001-01-01 00:00:00;0001-01-01 00:00:00;a3932938-5101-6a9b-6b26-2b944d6e7b37;1;8dbe9c25-0ad1-449f-8e8d-9359295957a0;0;;0;0;0;0;0;0;0;;0
c1e6b558-089c-4f4f-89a9-12612dfb0747;f;2022-05-19 14:07:14.545206;1e526008-75f7-4a01-9942-d178f2b38888;2022-05-19 14:07:14.545208;1e526008-75f7-4a01-9942-d178f2b38888;e8a88adb-1e8d-a60a-21f1-47275f1b6c7a;0001-01-01 00:00:00;0001-01-01 00:00:00;b6e2bcda-6ac8-2832-8390-d94d48a498e5;1;8dbe9c25-0ad1-449f-8e8d-9359295957a0;0;;0;0;0;0;0;0;0;;0
00124bfb-88a1-4edc-b8cc-61b5ef5d33b9;f;2022-05-19 14:07:14.556079;1e526008-75f7-4a01-9942-d178f2b38888;2022-05-19 14:07:14.556079;1e526008-75f7-4a01-9942-d178f2b38888;1ee38edc-920e-716b-2732-e003d3f864a4;0001-01-01 00:00:00;0001-01-01 00:00:00;c1fce8b5-0582-092b-444e-81683ab2871d;1;8dbe9c25-0ad1-449f-8e8d-9359295957a0;0;;0;0;0;0;0;0;0;;0
a6f3ed1c-a73a-4ed1-8a28-0e825d3e6571;f;2022-05-19 14:07:14.567575;1e526008-75f7-4a01-9942-d178f2b38888;2022-05-19 14:07:14.567575;1e526008-75f7-4a01-9942-d178f2b38888;b106ab9a-920a-7e32-1569-6c8c940f35cd;0001-01-01 00:00:00;0001-01-01 00:00:00;d49e116a-6912-1365-8faf-3bf743b298e4;1;8dbe9c25-0ad1-449f-8e8d-9359295957a0;0;;0;0;0;0;0;0;0;;0
290d2634-c466-4712-a409-aff42127e97c;f;2022-05-19 14:07:14.578203;1e526008-75f7-4a01-9942-d178f2b38888;2022-05-19 14:07:14.578205;1e526008-75f7-4a01-9942-d178f2b38888;98b3702f-2a01-114a-662f-7d53a1a07d8f;0001-01-01 00:00:00;0001-01-01 00:00:00;a667a51d-6a88-9eee-8a85-18ddfa1d1211;1;8dbe9c25-0ad1-449f-8e8d-9359295957a0;0;;0;0;0;0;0;0;0;;0
d6d0cabb-631f-4bf6-9952-0215afcbb5de;f;2022-05-19 14:07:14.588776;1e526008-75f7-4a01-9942-d178f2b38888;2022-05-19 14:07:14.588777;1e526008-75f7-4a01-9942-d178f2b38888;03c5f67a-310c-285d-3f4e-af8b22fb9779;0001-01-01 00:00:00;0001-01-01 00:00:00;39335b82-4756-2ddf-9b13-d7a6c8fd3554;1;8dbe9c25-0ad1-449f-8e8d-9359295957a0;0;;0;0;0;0;0;0;0;;0
fd5fb5bc-3405-47f4-9e8e-13bf69a852f1;f;2022-05-19 14:07:14.60021;1e526008-75f7-4a01-9942-d178f2b38888;2022-05-19 14:07:14.600211;1e526008-75f7-4a01-9942-d178f2b38888;db4ac31e-9003-3f17-46c5-cc8543bf6ed4;0001-01-01 00:00:00;0001-01-01 00:00:00;4b7d05a8-9ae1-476a-707a-cf4c1d831626;1;8dbe9c25-0ad1-449f-8e8d-9359295957a0;0;;0;0;0;0;0;0;0;;0
94ef90b0-ce01-4695-918a-12d1745ad5ef;f;2022-05-19 14:07:14.613746;1e526008-75f7-4a01-9942-d178f2b38888;2022-05-19 14:07:14.613747;1e526008-75f7-4a01-9942-d178f2b38888;2f26d7a6-22ea-9502-5dfe-e3cb4e7c4853;0001-01-01 00:00:00;0001-01-01 00:00:00;3e7e7017-7c77-2ac8-488c-734b5a4b4a3a;1;8dbe9c25-0ad1-449f-8e8d-9359295957a0;0;;0;0;0;0;0;0;0;;0
4845a674-8f44-4f19-8051-654a0272dc41;f;2022-05-19 14:07:14.627262;1e526008-75f7-4a01-9942-d178f2b38888;2022-05-19 14:07:14.627263;1e526008-75f7-4a01-9942-d178f2b38888;5f69eb9e-5a2f-30c2-7db7-872bf619119b;0001-01-01 00:00:00;0001-01-01 00:00:00;de18080a-73ad-5ff3-501a-0598b2ae612b;1;8dbe9c25-0ad1-449f-8e8d-9359295957a0;0;;0;0;0;0;0;0;0;;0
511fab93-f40a-421a-9784-a423e7d1e73e;f;2022-05-19 14:07:14.637939;1e526008-75f7-4a01-9942-d178f2b38888;2022-05-19 14:07:14.637939;1e526008-75f7-4a01-9942-d178f2b38888;6e9ae802-18de-22ed-0085-23cacb3e8f22;0001-01-01 00:00:00;0001-01-01 00:00:00;479be29f-732d-9bb6-4b2c-8283d60e7848;1;8dbe9c25-0ad1-449f-8e8d-9359295957a0;0;;0;0;0;0;0;0;0;;0
bc88bdae-d2e4-4dc5-9854-6f6592e01409;f;2022-05-19 14:07:14.652761;1e526008-75f7-4a01-9942-d178f2b38888;2022-05-19 14:07:14.652762;1e526008-75f7-4a01-9942-d178f2b38888;75b1f7bf-8560-8e0e-337a-20d199596786;0001-01-01 00:00:00;0001-01-01 00:00:00;b080f04c-1726-266f-9db7-a4c94b1586d8;1;8dbe9c25-0ad1-449f-8e8d-9359295957a0;0;;0;0;0;0;0;0;0;;0
918d26e8-e0aa-4f3e-9b45-67fa009aabc8;f;2022-05-19 14:07:14.66483;1e526008-75f7-4a01-9942-d178f2b38888;2022-05-19 14:07:14.664831;1e526008-75f7-4a01-9942-d178f2b38888;604993c0-6c30-44c1-5630-b6c1e2eb4903;0001-01-01 00:00:00;0001-01-01 00:00:00;0702f8d8-5aeb-9e4d-60ac-0dc411457bbb;1;8dbe9c25-0ad1-449f-8e8d-9359295957a0;0;;0;0;0;0;0;0;0;;0
599149d4-e46a-40db-8c67-f6cc5f2b14ed;f;2022-05-19 14:07:14.676352;1e526008-75f7-4a01-9942-d178f2b38888;2022-05-19 14:07:14.676353;1e526008-75f7-4a01-9942-d178f2b38888;3c9c49c4-5fbb-7e0b-52bb-0b9dcf976e14;0001-01-01 00:00:00;0001-01-01 00:00:00;e7adc482-5e98-8a34-0f8c-2a9511e8a53e;1;8dbe9c25-0ad1-449f-8e8d-9359295957a0;0;;0;0;0;0;0;0;0;;0
08aa4b12-30cf-47e3-9268-52d788fdb79c;f;2022-05-19 14:07:14.690636;1e526008-75f7-4a01-9942-d178f2b38888;2022-05-19 14:07:14.690636;1e526008-75f7-4a01-9942-d178f2b38888;f5af3757-a446-7c6c-52ba-0800dec50604;0001-01-01 00:00:00;0001-01-01 00:00:00;c555c995-9ee5-1137-6983-d883f0977e90;1;8dbe9c25-0ad1-449f-8e8d-9359295957a0;0;;0;0;0;0;0;0;0;;0
d8359c54-f745-49b5-9336-3fdfe9cafc89;f;2022-05-19 14:07:14.703178;1e526008-75f7-4a01-9942-d178f2b38888;2022-05-19 14:07:14.703179;1e526008-75f7-4a01-9942-d178f2b38888;c060e6bd-6a3a-2e68-2f7b-ceec9ad48e57;0001-01-01 00:00:00;0001-01-01 00:00:00;9ff3fa88-3a4e-16a1-146e-44b5476b0821;1;8dbe9c25-0ad1-449f-8e8d-9359295957a0;0;;0;0;0;0;0;0;0;;0
181d58ed-552d-4725-976f-ac7c83097ddb;f;2022-05-19 14:07:14.716428;1e526008-75f7-4a01-9942-d178f2b38888;2022-05-19 14:07:14.716429;1e526008-75f7-4a01-9942-d178f2b38888;72b284ec-3018-0e1f-6238-e6701b3f5297;0001-01-01 00:00:00;0001-01-01 00:00:00;dab88bdb-676d-4d43-1f39-dd6f05cf54d6;1;8dbe9c25-0ad1-449f-8e8d-9359295957a0;0;;0;0;0;0;0;0;0;;0
77927902-42f1-49a1-ad06-349a6af38cce;f;2022-05-19 14:07:14.727831;1e526008-75f7-4a01-9942-d178f2b38888;2022-05-19 14:07:14.727832;1e526008-75f7-4a01-9942-d178f2b38888;050d1125-7989-62bd-28d7-44a1ff115ba9;0001-01-01 00:00:00;0001-01-01 00:00:00;d7d5756e-4c86-9860-46cc-f32f18eb9b47;1;8dbe9c25-0ad1-449f-8e8d-9359295957a0;0;;0;0;0;0;0;0;0;;0
d4cb3cc4-5f83-45f3-8b80-a39e5dbb0923;f;2022-05-19 14:07:14.745769;1e526008-75f7-4a01-9942-d178f2b38888;2022-05-19 14:07:14.74577;1e526008-75f7-4a01-9942-d178f2b38888;ca6004f6-1108-2f78-a3fa-655543f13b73;0001-01-01 00:00:00;0001-01-01 00:00:00;1c709bec-9a0b-a25d-0507-05e541a540e0;1;8dbe9c25-0ad1-449f-8e8d-9359295957a0;0;;0;0;0;0;0;0;0;;0
c994bbc7-e86e-4216-9566-7fa65246bfb9;f;2022-05-19 14:07:14.757436;1e526008-75f7-4a01-9942-d178f2b38888;2022-05-19 14:07:14.757437;1e526008-75f7-4a01-9942-d178f2b38888;9e1c0fe8-8345-8609-3f53-a30e173f55de;0001-01-01 00:00:00;0001-01-01 00:00:00;5982861d-5da2-a075-8313-f15b725b3993;1;8dbe9c25-0ad1-449f-8e8d-9359295957a0;0;;0;0;0;0;0;0;0;;0
7327afe8-3519-4ddd-b7e1-d95305fdff6d;f;2022-05-19 14:07:14.769529;1e526008-75f7-4a01-9942-d178f2b38888;2022-05-19 14:07:14.76953;1e526008-75f7-4a01-9942-d178f2b38888;b3ad1f72-3026-4b79-9220-7631762058bf;0001-01-01 00:00:00;0001-01-01 00:00:00;02b3e190-9080-2dd3-68f9-bb1cbcd76894;1;8dbe9c25-0ad1-449f-8e8d-9359295957a0;0;;0;0;0;0;0;0;0;;0
363a15db-bbfd-4f71-a433-2245bc14acf5;f;2022-05-19 14:07:14.781542;1e526008-75f7-4a01-9942-d178f2b38888;2022-05-19 14:07:14.781544;1e526008-75f7-4a01-9942-d178f2b38888;889cafa4-2fbf-5897-a26e-f04996589fa7;0001-01-01 00:00:00;0001-01-01 00:00:00;8f0dceac-7a63-8ebd-9a8c-80bb6fb73406;1;8dbe9c25-0ad1-449f-8e8d-9359295957a0;0;;0;0;0;0;0;0;0;;0
998cdb2b-dbe1-46b5-9863-63e0310817aa;f;2022-05-19 14:07:14.79341;1e526008-75f7-4a01-9942-d178f2b38888;2022-05-19 14:07:14.793411;1e526008-75f7-4a01-9942-d178f2b38888;b7db118a-a003-2884-3739-8c2a4b327805;0001-01-01 00:00:00;0001-01-01 00:00:00;554ccbed-7706-8679-56e0-79afe8bd2638;1;8dbe9c25-0ad1-449f-8e8d-9359295957a0;0;;0;0;0;0;0;0;0;;0
ec773c88-59a3-4824-b41b-e90027e7d7a3;f;2022-05-19 14:07:14.805607;1e526008-75f7-4a01-9942-d178f2b38888;2022-05-19 14:07:14.805608;1e526008-75f7-4a01-9942-d178f2b38888;806b81cb-4ace-2aa8-6bf4-39938330102a;0001-01-01 00:00:00;0001-01-01 00:00:00;31b98447-2073-23b8-17ac-5b4c006d2f99;1;8dbe9c25-0ad1-449f-8e8d-9359295957a0;0;;0;0;0;0;0;0;0;;0
420368f7-22a2-430a-b326-aca7b1cb3bfb;f;2022-05-19 14:07:14.817639;1e526008-75f7-4a01-9942-d178f2b38888;2022-05-19 14:07:14.81764;1e526008-75f7-4a01-9942-d178f2b38888;786c6359-214d-4d31-4c36-533d61ae0a49;0001-01-01 00:00:00;0001-01-01 00:00:00;2845be20-4729-10b1-96bc-ed6e51d9a621;1;8dbe9c25-0ad1-449f-8e8d-9359295957a0;0;;0;0;0;0;0;0;0;;0
d8f0ee6f-a8a7-4cd1-a68c-cff8c8816ab7;f;2022-05-19 14:07:14.829777;1e526008-75f7-4a01-9942-d178f2b38888;2022-05-19 14:07:14.829777;1e526008-75f7-4a01-9942-d178f2b38888;0314f75a-04d9-62b3-3120-ab8151982115;0001-01-01 00:00:00;0001-01-01 00:00:00;774a7418-0c23-82f6-16a6-3760889619ef;1;8dbe9c25-0ad1-449f-8e8d-9359295957a0;0;;0;0;0;0;0;0;0;;0
7b0888d0-3d59-465f-8e57-1d802b9b321f;f;2022-05-19 14:07:14.841866;1e526008-75f7-4a01-9942-d178f2b38888;2022-05-19 14:07:14.841866;1e526008-75f7-4a01-9942-d178f2b38888;bd7c0bba-2038-9ba0-666b-2c4b95568b69;0001-01-01 00:00:00;0001-01-01 00:00:00;4efcc05f-7156-6db5-27e7-38b787162d4d;1;8dbe9c25-0ad1-449f-8e8d-9359295957a0;0;;0;0;0;0;0;0;0;;0
4c3b1419-de0d-4317-aaa0-6ea5dce8842c;f;2022-05-19 14:07:14.855183;1e526008-75f7-4a01-9942-d178f2b38888;2022-05-19 14:07:14.855184;1e526008-75f7-4a01-9942-d178f2b38888;cb9c50d8-99a2-49d2-6c65-5d59512908f4;0001-01-01 00:00:00;0001-01-01 00:00:00;87d7c8f7-7d0e-6110-6f67-3fb4132453e1;1;8dbe9c25-0ad1-449f-8e8d-9359295957a0;0;;0;0;0;0;0;0;0;;0
0f785252-f71d-4bbf-9ca9-fda58272bdf0;f;2022-05-19 14:07:14.868213;1e526008-75f7-4a01-9942-d178f2b38888;2022-05-19 14:07:14.868214;1e526008-75f7-4a01-9942-d178f2b38888;a3591484-81f8-1673-9d37-6649137fa386;0001-01-01 00:00:00;0001-01-01 00:00:00;f39e4df0-2e1d-7048-68cc-718851e1771c;1;8dbe9c25-0ad1-449f-8e8d-9359295957a0;0;;0;0;0;0;0;0;0;;0
1909bb44-5a22-4eb0-b403-fe9fa31eb3ec;f;2022-05-19 14:07:14.881068;1e526008-75f7-4a01-9942-d178f2b38888;2022-05-19 14:07:14.881069;1e526008-75f7-4a01-9942-d178f2b38888;156125c4-7f92-0175-4a52-cafc454e8253;0001-01-01 00:00:00;0001-01-01 00:00:00;93ab5abd-23de-45ed-7803-f3e3fa2f70df;1;8dbe9c25-0ad1-449f-8e8d-9359295957a0;0;;0;0;0;0;0;0;0;;0
878a2015-2c90-46f5-8a9c-5f1dab6cc19b;f;2022-05-19 14:07:14.895222;1e526008-75f7-4a01-9942-d178f2b38888;2022-05-19 14:07:14.895224;1e526008-75f7-4a01-9942-d178f2b38888;49ad43d0-1283-6bf4-51a4-d1a5564473e7;0001-01-01 00:00:00;0001-01-01 00:00:00;48a569c8-1b7d-3b90-27be-ef96e3d90411;1;8dbe9c25-0ad1-449f-8e8d-9359295957a0;0;;0;0;0;0;0;0;0;;0
8d97f16a-6be5-4648-b813-5bde0d87a0aa;f;2022-05-19 14:07:14.908427;1e526008-75f7-4a01-9942-d178f2b38888;2022-05-19 14:07:14.908428;1e526008-75f7-4a01-9942-d178f2b38888;456c7857-13e4-3a0e-52ba-7ef3bc321290;0001-01-01 00:00:00;0001-01-01 00:00:00;e1c36229-3c94-a269-5f85-40bca1dd6af7;1;8dbe9c25-0ad1-449f-8e8d-9359295957a0;0;;0;0;0;0;0;0;0;;0
2b9f6c9e-7b70-4037-a89b-d09e453e7a75;f;2022-05-19 14:07:14.921489;1e526008-75f7-4a01-9942-d178f2b38888;2022-05-19 14:07:14.921489;1e526008-75f7-4a01-9942-d178f2b38888;9f336ac6-3bfa-3938-34a1-19ea641b50a2;0001-01-01 00:00:00;0001-01-01 00:00:00;31ec4765-a2e3-17ac-6678-d34da88d2ca6;1;8dbe9c25-0ad1-449f-8e8d-9359295957a0;0;;0;0;0;0;0;0;0;;0
2e7aaef8-299f-4c2f-bb92-f3fb24b67bfb;f;2022-05-19 14:07:14.934529;1e526008-75f7-4a01-9942-d178f2b38888;2022-05-19 14:07:14.93453;1e526008-75f7-4a01-9942-d178f2b38888;e532a8d4-a020-a073-97c5-034e106565e1;0001-01-01 00:00:00;0001-01-01 00:00:00;bcae779d-7943-6c70-5786-40d0c65d5500;1;8dbe9c25-0ad1-449f-8e8d-9359295957a0;0;;0;0;0;0;0;0;0;;0
d07b7408-b3a5-49b3-8dea-a93228578ddf;f;2022-05-19 14:07:14.94793;1e526008-75f7-4a01-9942-d178f2b38888;2022-05-19 14:07:14.947931;1e526008-75f7-4a01-9942-d178f2b38888;c68a530a-405d-7a2b-07be-64ab50c49ae1;0001-01-01 00:00:00;0001-01-01 00:00:00;a9b5faae-0d55-9b10-52a9-8040592f2c57;1;8dbe9c25-0ad1-449f-8e8d-9359295957a0;0;;0;0;0;0;0;0;0;;0
fdbebf45-288b-44fd-a65b-294b51a0b962;f;2022-05-19 14:07:14.965436;1e526008-75f7-4a01-9942-d178f2b38888;2022-05-19 14:07:14.965437;1e526008-75f7-4a01-9942-d178f2b38888;1b017637-2454-74ca-507f-e83a971d6f93;0001-01-01 00:00:00;0001-01-01 00:00:00;67c78893-9dc7-4734-4522-67445dfb28bc;1;8dbe9c25-0ad1-449f-8e8d-9359295957a0;0;;0;0;0;0;0;0;0;;0
2f466fe9-2f60-42ad-a6dc-e0cb853c107f;f;2022-05-19 14:07:14.98546;1e526008-75f7-4a01-9942-d178f2b38888;2022-05-19 14:07:14.985461;1e526008-75f7-4a01-9942-d178f2b38888;b8c9ea8e-2779-64e1-79ba-9c0cf432294e;0001-01-01 00:00:00;0001-01-01 00:00:00;30d8cec1-94e5-33b7-1468-e7c2e0437ae9;1;8dbe9c25-0ad1-449f-8e8d-9359295957a0;0;;0;0;0;0;0;0;0;;0
51d09c36-008f-4d39-8705-4b0ad96bf91a;f;2022-05-19 14:07:15.000695;1e526008-75f7-4a01-9942-d178f2b38888;2022-05-19 14:07:15.000696;1e526008-75f7-4a01-9942-d178f2b38888;a9179863-289c-35b5-a21c-ebf89fdb4104;0001-01-01 00:00:00;0001-01-01 00:00:00;72098f0f-8bc7-9385-4d89-cc80fb2d64bb;1;8dbe9c25-0ad1-449f-8e8d-9359295957a0;0;;0;0;0;0;0;0;0;;0
7ed80c14-8630-43a3-9773-51e888314194;f;2022-05-19 14:07:15.021022;1e526008-75f7-4a01-9942-d178f2b38888;2022-05-19 14:07:15.021023;1e526008-75f7-4a01-9942-d178f2b38888;0a870c38-a4e5-0ed3-46a6-0b4fb61c87ec;0001-01-01 00:00:00;0001-01-01 00:00:00;bd18e052-8ded-7896-2abf-4eb62cc261a4;1;8dbe9c25-0ad1-449f-8e8d-9359295957a0;0;;0;0;0;0;0;0;0;;0
799e9d2f-d675-46ea-93eb-292c4259dad7;f;2022-05-19 14:07:15.037269;1e526008-75f7-4a01-9942-d178f2b38888;2022-05-19 14:07:15.03727;1e526008-75f7-4a01-9942-d178f2b38888;5953087d-4d10-0413-0f80-f22acd8837d6;0001-01-01 00:00:00;0001-01-01 00:00:00;4a78ebe8-a54e-1dd6-67b3-1a4fcd47110b;1;8dbe9c25-0ad1-449f-8e8d-9359295957a0;0;;0;0;0;0;0;0;0;;0
695cc9ca-c4fc-417c-8d19-02b3394be2a3;f;2022-05-19 14:07:15.051066;1e526008-75f7-4a01-9942-d178f2b38888;2022-05-19 14:07:15.051066;1e526008-75f7-4a01-9942-d178f2b38888;6885ee5d-6008-9bec-8882-035ff0849fa1;0001-01-01 00:00:00;0001-01-01 00:00:00;bc918a30-2a0f-2db1-4664-7b5b69a91cf0;1;8dbe9c25-0ad1-449f-8e8d-9359295957a0;0;;0;0;0;0;0;0;0;;0
2b372e67-4ad1-420a-a5a3-82cebca2c961;f;2022-05-19 14:07:15.064507;1e526008-75f7-4a01-9942-d178f2b38888;2022-05-19 14:07:15.064509;1e526008-75f7-4a01-9942-d178f2b38888;c4567ac6-73a8-575b-7eb7-910524514137;0001-01-01 00:00:00;0001-01-01 00:00:00;7e35448c-57b9-5040-3497-f168f27762a9;1;8dbe9c25-0ad1-449f-8e8d-9359295957a0;0;;0;0;0;0;0;0;0;;0
ffa5e3a7-8bad-4af5-9874-c95cbf2e6584;f;2022-05-19 14:07:15.080432;1e526008-75f7-4a01-9942-d178f2b38888;2022-05-19 14:07:15.080433;1e526008-75f7-4a01-9942-d178f2b38888;8cdbcb55-1bfb-885f-9b98-40f0290f9bbe;0001-01-01 00:00:00;0001-01-01 00:00:00;7fae5351-42aa-4c22-97db-2da0e7cd0715;1;8dbe9c25-0ad1-449f-8e8d-9359295957a0;0;;0;0;0;0;0;0;0;;0
6b198449-e512-4cbd-aa6f-8ee01fc29a0b;f;2022-05-19 14:07:15.095475;1e526008-75f7-4a01-9942-d178f2b38888;2022-05-19 14:07:15.095476;1e526008-75f7-4a01-9942-d178f2b38888;05f6c15b-479b-4894-0bb7-0dd82d130e59;0001-01-01 00:00:00;0001-01-01 00:00:00;f0c8e9f0-089b-6ada-77d0-eff5dc459d28;1;8dbe9c25-0ad1-449f-8e8d-9359295957a0;0;;0;0;0;0;0;0;0;;0
82d484b0-637c-4c46-a6a6-0793dcb36bb5;f;2022-05-19 14:07:15.111188;1e526008-75f7-4a01-9942-d178f2b38888;2022-05-19 14:07:15.111189;1e526008-75f7-4a01-9942-d178f2b38888;c4187199-2119-3e09-6ed4-e0639f0f9580;0001-01-01 00:00:00;0001-01-01 00:00:00;371c0ad9-19ff-1bf9-4e7d-add67c3b7cc0;1;8dbe9c25-0ad1-449f-8e8d-9359295957a0;0;;0;0;0;0;0;0;0;;0
716a0005-a33a-4d80-b8ab-ddb9bec006ea;f;2022-05-19 14:07:15.124207;1e526008-75f7-4a01-9942-d178f2b38888;2022-05-19 14:07:15.124208;1e526008-75f7-4a01-9942-d178f2b38888;ddf1e861-42ef-87da-2757-ecb011f46837;0001-01-01 00:00:00;0001-01-01 00:00:00;6556fd29-3e59-9dea-6c95-356f35760db3;1;8dbe9c25-0ad1-449f-8e8d-9359295957a0;0;;0;0;0;0;0;0;0;;0
24f36326-9683-45b9-9d19-ab46c9eec257;f;2022-05-19 14:07:15.139831;1e526008-75f7-4a01-9942-d178f2b38888;2022-05-19 14:07:15.139831;1e526008-75f7-4a01-9942-d178f2b38888;95ecfbe7-6f37-3ffe-66f1-d509e1177981;0001-01-01 00:00:00;0001-01-01 00:00:00;469b3f3a-6f94-4602-6207-b34e76417043;1;8dbe9c25-0ad1-449f-8e8d-9359295957a0;0;;0;0;0;0;0;0;0;;0
0682b962-bd3f-4d2c-a59e-090abc7d49b9;f;2022-05-19 14:07:15.153466;1e526008-75f7-4a01-9942-d178f2b38888;2022-05-19 14:07:15.153466;1e526008-75f7-4a01-9942-d178f2b38888;f6d52601-2cd0-340c-66f9-6e1e714e2197;0001-01-01 00:00:00;0001-01-01 00:00:00;85475527-0e30-90bb-2bbb-a8dc108525c9;1;8dbe9c25-0ad1-449f-8e8d-9359295957a0;0;;0;0;0;0;0;0;0;;0
09eec00b-908b-4bc1-8f21-1c0745b0341e;f;2022-05-19 14:07:15.16763;1e526008-75f7-4a01-9942-d178f2b38888;2022-05-19 14:07:15.16763;1e526008-75f7-4a01-9942-d178f2b38888;7e788cf6-83df-2305-3e2b-8f11a2c379f3;0001-01-01 00:00:00;0001-01-01 00:00:00;3c452560-122e-5e5e-1c1b-289901e64729;1;8dbe9c25-0ad1-449f-8e8d-9359295957a0;0;;0;0;0;0;0;0;0;;0
