16164653-0652-809D-2D3E-DFC442E48102;16164653-0652-809d-2d3e-dfc442e48102;5975a9ce-1160-8063-5756-343d7ce37131
D66C9B3E-6800-0E3B-A5DF-89637EDB14C5;d66c9b3e-6800-0e3b-a5df-89637edb14c5;92a1a5b0-5df1-742d-5a9b-b1d0879c51e9
07392A40-462F-70CB-1FC3-2421E1148E07;07392a40-462f-70cb-1fc3-2421e1148e07;6e07a225-75c5-37a9-78f1-c896fa672543
164DAD39-9798-3C7B-5884-85AC83765954;164dad39-9798-3c7b-5884-85ac83765954;8135a942-7982-73b3-15ac-80bc00ec3b17
334820EA-8D8C-1C18-2503-490918B467E7;334820ea-8d8c-1c18-2503-490918b467e7;d0b0b910-91f0-9f78-a307-24af6db25ad3
59B17341-0AEE-6D35-1A30-2D557B236BA2;59b17341-0aee-6d35-1a30-2d557b236ba2;05aa6eeb-9d71-2c79-00b1-9c2fdbc1608b
0590AAAD-6FC7-1368-1C68-74A1D68F601E;0590aaad-6fc7-1368-1c68-74a1d68f601e;17173f61-a779-90a9-8e92-148b5b2c4ff2
72F47EED-62F5-11E9-75B6-0B804F374823;72f47eed-62f5-11e9-75b6-0b804f374823;b14eeb4b-0727-3ee9-7eaa-b7629cca4d18
DFC2DD55-0A89-15DD-43AE-6164E47F0815;dfc2dd55-0a89-15dd-43ae-6164e47f0815;a9097868-7a7a-89be-1dcd-a0a9a1076ad4
F16C5C7C-2310-21B1-0624-33DB5ED89B25;f16c5c7c-2310-21b1-0624-33db5ed89b25;fe6b9cd1-54ee-1b5a-5bdd-4ca012ed1f2d
15FF8C2D-022C-79C4-27F5-156D21AE027C;15ff8c2d-022c-79c4-27f5-156d21ae027c;192e6eab-5509-38e3-223d-05b49f8351bf
58843B24-1395-858F-2D0C-4A115C268EA3;58843b24-1395-858f-2d0c-4a115c268ea3;8a0a45f0-11e3-89a1-2b21-abee7bd75191
3CBD913A-83B5-4356-50E0-51F9FC094A38;3cbd913a-83b5-4356-50e0-51f9fc094a38;195f86b7-70ac-5105-8ed7-a776819f82d4
3A1A81B2-4E1D-2BCB-6DA6-DEE76F61463C;3a1a81b2-4e1d-2bcb-6da6-dee76f61463c;2e9355fb-016b-4c4a-5e0e-1fe9a6782a38
A483A361-3B72-0826-6B04-EF358CF77FDC;a483a361-3b72-0826-6b04-ef358cf77fdc;9749ba53-9da3-1aff-105a-0adcd8e1307f
B9B731CE-59FB-63D0-12D8-B5C3BAB66DFD;b9b731ce-59fb-63d0-12d8-b5c3bab66dfd;9b91168a-30c7-2bf5-21c2-811e69cb6030
DF2E0327-92F4-437D-4E4D-E0CB80FE2013;df2e0327-92f4-437d-4e4d-e0cb80fe2013;4089baab-8816-72d0-8614-35ef1ad80e43
AFD69025-07A4-72B8-5471-C1D2269E3361;afd69025-07a4-72b8-5471-c1d2269e3361;6e1e11a8-2b1f-27ce-38e6-af7c912b1ee0
1043FD93-321F-30EF-9141-958440316871;1043fd93-321f-30ef-9141-958440316871;0ff4ed90-4200-8a94-963d-6fdbf51da3ba
E39931D3-226F-2B70-9CE9-4DD1B2F236CB;e39931d3-226f-2b70-9ce9-4dd1b2f236cb;b65118e8-5245-98bf-8b44-aa2fdcd74ad4
9400CA9F-5209-2851-4868-7D574BCC9AB8;9400ca9f-5209-2851-4868-7d574bcc9ab8;edb8310b-2a7b-11d4-0268-21b37f665fc4
9B47F3BE-9811-6995-4BA4-74DD3B0D4AF9;9b47f3be-9811-6995-4ba4-74dd3b0d4af9;edf0ca91-9f86-87d1-8401-cf5d340b0797
54BC2CBC-A444-41EC-0BAC-51FAD1954FE9;54bc2cbc-a444-41ec-0bac-51fad1954fe9;b453b8d1-505b-8ad7-3a71-d4a583a19908
72A1040A-4B30-092A-1E3A-615096725DB7;72a1040a-4b30-092a-1e3a-615096725db7;0915c9c4-37e7-3d2d-2338-ba3cfc3f6b9f
3E36E264-26BC-4BAF-3B0A-C90E7D338FEB;3e36e264-26bc-4baf-3b0a-c90e7d338feb;144c4a4b-65bb-2f83-2e5e-5d7d95532a45
72973A97-6595-61C3-266E-09B6A5FE452F;72973a97-6595-61c3-266e-09b6a5fe452f;bc881024-5adc-01c4-7a51-ff5e5c101b6b
CCDEA74B-9FFF-1983-6043-7F55CAF4367F;ccdea74b-9fff-1983-6043-7f55caf4367f;71992bad-344a-3780-9d2b-6a1d221f175e
D1D28498-3222-0326-8F80-11BF66998D8E;d1d28498-3222-0326-8f80-11bf66998d8e;6884d83d-4e9e-a1eb-19c2-cdeea88175e3
B7DBC6D8-7223-63E0-4489-48F2F62F7C49;b7dbc6d8-7223-63e0-4489-48f2f62f7c49;0fe61772-2e82-811f-5889-acb7f95652cc
C40D9627-7506-390F-0522-69ADDB913BE8;c40d9627-7506-390f-0522-69addb913be8;41b10b7e-32f6-655c-184c-f2d8af9b9ca4
99E46824-770B-91A7-76A4-F0FC76903676;99e46824-770b-91a7-76a4-f0fc76903676;486b18db-2b78-a098-1a2b-da0d14a79b59
3AAB3657-6F26-83ED-8213-15B90DCB0FC8;3aab3657-6f26-83ed-8213-15b90dcb0fc8;5514a9d5-42cf-9075-341b-ba6bfb274f61
C6F28566-05F9-69CF-564E-3859F08E2359;c6f28566-05f9-69cf-564e-3859f08e2359;21d98705-2e9e-4f84-98ae-e3bc9a533ddf
776E47CB-1C43-8FB5-7CE2-4985C07B7FD3;776e47cb-1c43-8fb5-7ce2-4985c07b7fd3;9e0914da-13e7-7238-1e7c-fb40fc680103
95ECEAD7-0565-032D-89E3-F7D81B51461E;95ecead7-0565-032d-89e3-f7d81b51461e;7a318be7-7e6e-2a4e-2c4a-51a05d5735f9
DA85FD9B-15A4-1F50-2E0B-15697C4B94AC;da85fd9b-15a4-1f50-2e0b-15697c4b94ac;ec172d01-6f3b-3fba-a1b3-9fc4dc5e3a77
584223CF-5D5F-7FBC-84CC-1FFF1D4561E9;584223cf-5d5f-7fbc-84cc-1fff1d4561e9;d58a755d-3c05-a6d1-00dd-7d4bc5fb28b8
CF1E11EA-96A6-56A1-2D8B-35F09C427F13;cf1e11ea-96a6-56a1-2d8b-35f09c427f13;0b1d31d5-43b6-5f12-9e1f-dbea8fbb2a71
A006C8CD-8257-7E11-232E-B9A76FB93F89;a006c8cd-8257-7e11-232e-b9a76fb93f89;4526ae8a-14fb-9ad7-0f35-7f4ce2b020cd
D5C5ADA4-90F4-2F15-493E-2F600E7A3178;d5c5ada4-90f4-2f15-493e-2f600e7a3178;ecc9dba8-14ad-9629-4fa8-1203af787f50
0FD7B15E-93B0-33DD-1314-151912775B1C;0fd7b15e-93b0-33dd-1314-151912775b1c;2a72511a-72c4-18a2-5ed5-7ae7a4ca3666
ABA29706-2CF0-744E-324A-BB2B38263B67;aba29706-2cf0-744e-324a-bb2b38263b67;b4795a0c-2c00-a688-122c-a5cc3daf4ee5
449D79E8-58AD-1FBB-859E-8DCF8A008107;449d79e8-58ad-1fbb-859e-8dcf8a008107;16b4d3b5-406c-79e1-299f-f1ab52750853
B6AC3F2B-3444-94DF-5754-D913987804A0;b6ac3f2b-3444-94df-5754-d913987804a0;871a6672-6a14-0389-57f4-387156127d86
66161B1C-8E24-3A64-982B-175A9D8547D2;66161b1c-8e24-3a64-982b-175a9d8547d2;f89b472e-6e89-50a8-7293-316b99261eb9
21566A48-3182-3239-9BB5-5F8F3904846A;21566a48-3182-3239-9bb5-5f8f3904846a;50383c4e-9799-2527-7558-04f25ac5624e
48FD85BA-1C49-5BBB-A00E-132DF02F1EE6;48fd85ba-1c49-5bbb-a00e-132df02f1ee6;4370ffea-2e71-36a2-399f-9eaddd291f33
D327CA70-5EAD-377D-5977-D597325D94C5;d327ca70-5ead-377d-5977-d597325d94c5;97f1ca1c-a641-0212-43da-2bd67e2e5a7f
03FF9C54-66DD-A346-A30C-7F7549835EF6;03ff9c54-66dd-a346-a30c-7f7549835ef6;e0310fd1-4741-62b9-4cd6-3754d2f1201d
BE0ACA58-212F-3EDF-858A-07C4422940E8;be0aca58-212f-3edf-858a-07c4422940e8;5bcda4cd-3df3-6846-889a-0dc93e1e7857
778396BF-5334-5796-1047-BC73BB0B041A;778396bf-5334-5796-1047-bc73bb0b041a;4c1f4b7e-643d-80d7-4337-c5036c4d6055
296D8DCC-1D51-9C27-3917-B2AA62214134;296d8dcc-1d51-9c27-3917-b2aa62214134;c1c24191-439d-5aab-8055-7b3dc9de0fb6
0216755E-6D59-356B-3B59-27EBE35246EB;0216755e-6d59-356b-3b59-27ebe35246eb;4f6297fe-12f3-83fd-72a7-b2389ef630b0
22DFD832-2FBE-9CE5-2AFF-BA2F10BC8216;22dfd832-2fbe-9ce5-2aff-ba2f10bc8216;8bf17201-87cc-75ca-725d-6e13f355a722
028842BB-9930-59BD-8DD7-3B2F7E044C4F;028842bb-9930-59bd-8dd7-3b2f7e044c4f;217ccbea-6750-0766-5bab-8ecc2a724006
D2E8271B-2F75-0249-7FA1-1B6473FC0F60;d2e8271b-2f75-0249-7fa1-1b6473fc0f60;33ddc6cc-0ef1-9210-2107-0613fc1d35d2
9FA7390B-03FD-0B5F-A7BF-3E0D357142E1;9fa7390b-03fd-0b5f-a7bf-3e0d357142e1;49495f31-21fd-86e0-2682-40a7c8ba26af
821A124F-8CB2-13F8-5529-7B1E19E4922B;821a124f-8cb2-13f8-5529-7b1e19e4922b;cc50c3a3-a33d-10e8-583c-6cbcce77579c
0996C3D0-A133-66AC-08EC-182FB2D96284;0996c3d0-a133-66ac-08ec-182fb2d96284;34e4cb35-4405-540e-67e8-9d1f967d0283
B7B5E541-01D3-84FB-932C-0ECBE69A2C66;b7b5e541-01d3-84fb-932c-0ecbe69a2c66;e1ef3097-73fd-3cf9-5d88-bd3d32278faa
