CREATE TABLE IF NOT EXISTS "__EFMigrationsHistory" (
    "MigrationId" character varying(150) NOT NULL,
    "ProductVersion" character varying(32) NOT NULL,
    CONSTRAINT "PK___EFMigrationsHistory" PRIMARY KEY ("MigrationId")
);

CREATE TABLE "AspNetRoles" (
    "Id" text NOT NULL,
    "Name" character varying(256) NULL,
    "NormalizedName" character varying(256) NULL,
    "ConcurrencyStamp" text NULL,
    CONSTRAINT "PK_AspNetRoles" PRIMARY KEY ("Id")
);

CREATE TABLE "AspNetUsers" (
    "UserId" text NOT NULL,
    "UserName" character varying(256) NULL,
    "NormalizedUserName" character varying(256) NULL,
    "Email" character varying(256) NULL,
    "NormalizedEmail" character varying(256) NULL,
    "EmailConfirmed" boolean NOT NULL,
    "PasswordHash" text NULL,
    "SecurityStamp" text NULL,
    "ConcurrencyStamp" text NULL,
    "PhoneNumber" text NULL,
    "PhoneNumberConfirmed" boolean NOT NULL,
    "TwoFactorEnabled" boolean NOT NULL,
    "LockoutEnd" timestamp with time zone NULL,
    "LockoutEnabled" boolean NOT NULL,
    "AccessFailedCount" integer NOT NULL,
    CONSTRAINT "PK_AspNetUsers" PRIMARY KEY ("UserId")
);

CREATE TABLE "Detentos" (
    "Id" uuid NOT NULL,
    "IsDeleted" boolean NOT NULL,
    "CreatedAt" timestamp without time zone NOT NULL,
    "CreatedBy" uuid NOT NULL,
    "UpdatedAt" timestamp without time zone NOT NULL,
    "UpdatedBy" uuid NOT NULL,
    "Ipen" integer NOT NULL,
    "Nome" character varying(100) NOT NULL,
    "Galeria" character varying(2) NULL,
    "Cela" integer NOT NULL,
    "Cpf" character varying(11) NULL,
    "Rg" text NULL,
    "Nascimento" timestamp without time zone NOT NULL,
    "Pec" text NULL,
    "IsProvisorio" boolean NOT NULL,
    "IsSaidaTemporaria" boolean NOT NULL,
    "Situacao" integer NOT NULL,
    "SaidaTemporaria" timestamp without time zone NOT NULL,
    "RetornoSaidaTemporaria" timestamp without time zone NOT NULL,
    "MatriculaFamiliar" character varying(6) NOT NULL,
    "NomeFamiliar" text NULL,
    CONSTRAINT "PK_Detentos" PRIMARY KEY ("Id")
);

CREATE TABLE "Empresas" (
    "Id" uuid NOT NULL,
    "IsDeleted" boolean NOT NULL,
    "CreatedAt" timestamp without time zone NOT NULL,
    "CreatedBy" uuid NOT NULL,
    "UpdatedAt" timestamp without time zone NOT NULL,
    "UpdatedBy" uuid NOT NULL,
    "RazaoSocial" character varying(255) NULL,
    "NomeFantasia" character varying(255) NULL,
    "Cnpj" bigint NOT NULL,
    "Cep" integer NOT NULL,
    "Cidade" character varying(50) NULL,
    "Estado" character varying(50) NULL,
    "Logradouro" character varying(150) NULL,
    "Numero" character varying(10) NULL,
    "Bairro" character varying(50) NULL,
    "Responsavel" character varying(255) NULL,
    "Email" character varying(100) NULL,
    "TelefoneFixo" character varying(14) NULL,
    "TelefoneCelular" character varying(14) NULL,
    "WhatsApp" character varying(14) NULL,
    CONSTRAINT "PK_Empresas" PRIMARY KEY ("Id")
);

CREATE TABLE "AspNetRoleClaims" (
    "Id" integer NOT NULL GENERATED BY DEFAULT AS IDENTITY,
    "RoleId" text NOT NULL,
    "ClaimType" text NULL,
    "ClaimValue" text NULL,
    CONSTRAINT "PK_AspNetRoleClaims" PRIMARY KEY ("Id"),
    CONSTRAINT "FK_AspNetRoleClaims_AspNetRoles_RoleId" FOREIGN KEY ("RoleId") REFERENCES "AspNetRoles" ("Id") ON DELETE CASCADE
);

CREATE TABLE "AspNetUserClaims" (
    "Id" integer NOT NULL GENERATED BY DEFAULT AS IDENTITY,
    "UserId" text NOT NULL,
    "ClaimType" text NULL,
    "ClaimValue" text NULL,
    CONSTRAINT "PK_AspNetUserClaims" PRIMARY KEY ("Id"),
    CONSTRAINT "FK_AspNetUserClaims_AspNetUsers_UserId" FOREIGN KEY ("UserId") REFERENCES "AspNetUsers" ("UserId") ON DELETE CASCADE
);

CREATE TABLE "AspNetUserLogins" (
    "LoginProvider" text NOT NULL,
    "ProviderKey" text NOT NULL,
    "ProviderDisplayName" text NULL,
    "UserId" text NOT NULL,
    CONSTRAINT "PK_AspNetUserLogins" PRIMARY KEY ("LoginProvider", "ProviderKey"),
    CONSTRAINT "FK_AspNetUserLogins_AspNetUsers_UserId" FOREIGN KEY ("UserId") REFERENCES "AspNetUsers" ("UserId") ON DELETE CASCADE
);

CREATE TABLE "AspNetUserRoles" (
    "UserId" text NOT NULL,
    "RoleId" text NOT NULL,
    CONSTRAINT "PK_AspNetUserRoles" PRIMARY KEY ("UserId", "RoleId"),
    CONSTRAINT "FK_AspNetUserRoles_AspNetRoles_RoleId" FOREIGN KEY ("RoleId") REFERENCES "AspNetRoles" ("Id") ON DELETE CASCADE,
    CONSTRAINT "FK_AspNetUserRoles_AspNetUsers_UserId" FOREIGN KEY ("UserId") REFERENCES "AspNetUsers" ("UserId") ON DELETE CASCADE
);

CREATE TABLE "AspNetUserTokens" (
    "UserId" text NOT NULL,
    "LoginProvider" text NOT NULL,
    "Name" text NOT NULL,
    "Value" text NULL,
    CONSTRAINT "PK_AspNetUserTokens" PRIMARY KEY ("UserId", "LoginProvider", "Name"),
    CONSTRAINT "FK_AspNetUserTokens_AspNetUsers_UserId" FOREIGN KEY ("UserId") REFERENCES "AspNetUsers" ("UserId") ON DELETE CASCADE
);

CREATE TABLE "ContaUsuarios" (
    "Id" uuid NOT NULL,
    "IsDeleted" boolean NOT NULL,
    "CreatedAt" timestamp without time zone NOT NULL,
    "CreatedBy" uuid NOT NULL,
    "UpdatedAt" timestamp without time zone NOT NULL,
    "UpdatedBy" uuid NOT NULL,
    "Nome" varchar(100) NULL,
    "PerfilFoto" bytea NULL,
    "Setor" integer NOT NULL,
    "Funcao" integer NOT NULL,
    "UserId" text NULL,
    CONSTRAINT "PK_ContaUsuarios" PRIMARY KEY ("Id"),
    CONSTRAINT "FK_ContaUsuarios_AspNetUsers_UserId" FOREIGN KEY ("UserId") REFERENCES "AspNetUsers" ("UserId") ON DELETE RESTRICT
);

CREATE TABLE "EmpresasConvenios" (
    "Id" uuid NOT NULL,
    "IsDeleted" boolean NOT NULL,
    "CreatedAt" timestamp without time zone NOT NULL,
    "CreatedBy" uuid NOT NULL,
    "UpdatedAt" timestamp without time zone NOT NULL,
    "UpdatedBy" uuid NOT NULL,
    "Nome" character varying(255) NOT NULL,
    "DataInicio" timestamp without time zone NOT NULL,
    "DataFim" timestamp without time zone NOT NULL,
    "DataEncerramento" timestamp without time zone NOT NULL,
    "MotivoEncerramento" character varying(255) NULL,
    "IsRenovacaoAutomatica" boolean NOT NULL,
    "TermosGerais" character varying(255) NULL,
    "Responsavel" text NULL,
    "Situacao" integer NOT NULL,
    "EmpresaId" uuid NOT NULL,
    CONSTRAINT "PK_EmpresasConvenios" PRIMARY KEY ("Id"),
    CONSTRAINT "FK_EmpresasConvenios_Empresas_EmpresaId" FOREIGN KEY ("EmpresaId") REFERENCES "Empresas" ("Id") ON DELETE CASCADE
);

CREATE TABLE "Colaboradores" (
    "Id" uuid NOT NULL,
    "IsDeleted" boolean NOT NULL,
    "CreatedAt" timestamp without time zone NOT NULL,
    "CreatedBy" uuid NOT NULL,
    "UpdatedAt" timestamp without time zone NOT NULL,
    "UpdatedBy" uuid NOT NULL,
    "Situacao" integer NOT NULL,
    "DataUltimaSituacao" timestamp without time zone NOT NULL,
    "LocalTrabalho" character varying(255) NULL,
    "IsTrabalhoInterno" boolean NOT NULL,
    "IsRemunerado" boolean NOT NULL,
    "Remuneracao" decimal(6,2) NOT NULL,
    "FamiliarAutorizadoRetirada" character varying(255) NULL,
    "Desconto" decimal(4,2) NOT NULL,
    "DescontoOutro" decimal(4,2) NOT NULL,
    "DiaPagamento" integer NOT NULL,
    "TipoPagamento" integer NOT NULL,
    "JornadaInicio" character varying(5) NULL,
    "JornadaFim" character varying(5) NULL,
    "BancoNumero" integer NOT NULL,
    "BancoAgencia" character varying(6) NULL,
    "BancoConta" character varying(6) NULL,
    "TipoConta" integer NOT NULL,
    "Observacao" character varying(255) NULL,
    "EmpresaConvenioId" uuid NOT NULL,
    "DetentoId" uuid NOT NULL,
    CONSTRAINT "PK_Colaboradores" PRIMARY KEY ("Id"),
    CONSTRAINT "FK_Colaboradores_Detentos_DetentoId" FOREIGN KEY ("DetentoId") REFERENCES "Detentos" ("Id") ON DELETE CASCADE,
    CONSTRAINT "FK_Colaboradores_EmpresasConvenios_EmpresaConvenioId" FOREIGN KEY ("EmpresaConvenioId") REFERENCES "EmpresasConvenios" ("Id") ON DELETE CASCADE
);

CREATE TABLE "ContasCorrentes" (
    "Id" uuid NOT NULL,
    "IsDeleted" boolean NOT NULL,
    "CreatedAt" timestamp without time zone NOT NULL,
    "CreatedBy" uuid NOT NULL,
    "UpdatedAt" timestamp without time zone NOT NULL,
    "UpdatedBy" uuid NOT NULL,
    "Numero" integer NOT NULL,
    "DataUltimoStatus" timestamp without time zone NOT NULL,
    "Status" integer NOT NULL,
    "ColaboradorId" uuid NOT NULL,
    CONSTRAINT "PK_ContasCorrentes" PRIMARY KEY ("Id"),
    CONSTRAINT "FK_ContasCorrentes_Colaboradores_ColaboradorId" FOREIGN KEY ("ColaboradorId") REFERENCES "Colaboradores" ("Id") ON DELETE CASCADE
);

CREATE TABLE "Lancamentos" (
    "Id" uuid NOT NULL,
    "IsDeleted" boolean NOT NULL,
    "CreatedAt" timestamp without time zone NOT NULL,
    "CreatedBy" uuid NOT NULL,
    "UpdatedAt" timestamp without time zone NOT NULL,
    "UpdatedBy" uuid NOT NULL,
    "Descricao" text NULL,
    "DataLiquidacao" timestamp without time zone NOT NULL,
    "Desconto" decimal(5,2) NOT NULL,
    "ValorBruto" decimal(6,2) NOT NULL,
    "ValorLiquido" decimal(6,2) NOT NULL,
    "PeriodoDataInicio" integer NOT NULL,
    "PeriodoDataFim" integer NOT NULL,
    "DataUltimoStatus" timestamp without time zone NOT NULL,
    "Observacao" character varying(255) NOT NULL,
    "Status" integer NOT NULL,
    "PeriodoReferencia" integer NOT NULL,
    "Tipo" integer NOT NULL,
    "ContaCorrenteId" uuid NOT NULL,
    CONSTRAINT "PK_Lancamentos" PRIMARY KEY ("Id"),
    CONSTRAINT "FK_Lancamentos_ContasCorrentes_ContaCorrenteId" FOREIGN KEY ("ContaCorrenteId") REFERENCES "ContasCorrentes" ("Id") ON DELETE CASCADE
);

INSERT INTO "AspNetRoles" ("Id", "ConcurrencyStamp", "Name", "NormalizedName")
VALUES ('2c5e174e-3b0e-446f-86af-483d56fd7210', 'da8e4f70-8be9-4d8f-a684-5b97f19d252c', 'Master', 'MASTER');
INSERT INTO "AspNetRoles" ("Id", "ConcurrencyStamp", "Name", "NormalizedName")
VALUES ('e6b7ff49-350c-4b89-a533-9eb923d8ba1b', '0421080e-e52e-4337-a0e0-3630f83bb58d', 'Template', 'TEMPLATE');
INSERT INTO "AspNetRoles" ("Id", "ConcurrencyStamp", "Name", "NormalizedName")
VALUES ('e060a6d2-6472-4294-9f68-22bd114867f9', '77ea2caa-69a2-4ae4-bf76-cf87d8cef7f6', 'Andamento-Penal_Todos', 'ANDAMENTO-PENAL_TODOS');
INSERT INTO "AspNetRoles" ("Id", "ConcurrencyStamp", "Name", "NormalizedName")
VALUES ('92c72070-3275-49e6-bd4a-f6c8e565b5bc', '610041f7-1332-4769-8d11-7c92b7e90cb1', 'Edis_Todos', 'EDIS_TODOS');
INSERT INTO "AspNetRoles" ("Id", "ConcurrencyStamp", "Name", "NormalizedName")
VALUES ('dc50c49f-3cef-4dbe-83bb-5f1916ac8854', 'c98d36df-14df-4cda-ae90-61b30dc86a70', 'Contas-Correntes_Relatorios', 'CONTAS-CORRENTES_RELATORIOS');
INSERT INTO "AspNetRoles" ("Id", "ConcurrencyStamp", "Name", "NormalizedName")
VALUES ('d9db904b-aee9-4474-9301-e731e7c79cbe', '75966e0f-7709-40f4-9e76-938fbe188dd1', 'Lancamentos_Todos', 'LANCAMENTOS_TODOS');
INSERT INTO "AspNetRoles" ("Id", "ConcurrencyStamp", "Name", "NormalizedName")
VALUES ('96a403a0-28c8-47f2-91e8-0f9df2da00c6', '313479a6-94f2-4612-83da-b0850e0ad00e', 'Colaboradores_Relatorios', 'COLABORADORES_RELATORIOS');
INSERT INTO "AspNetRoles" ("Id", "ConcurrencyStamp", "Name", "NormalizedName")
VALUES ('e86df548-3cd5-4a3f-b82e-78842186f8d2', '8e9bdf9b-04a5-452b-9269-208c99a17f2a', 'Contas-Correntes_Todos', 'CONTAS-CORRENTES_TODOS');
INSERT INTO "AspNetRoles" ("Id", "ConcurrencyStamp", "Name", "NormalizedName")
VALUES ('47d047d6-e7c6-409e-b53c-a9dc66004354', '714f94eb-9d78-4e76-a03a-68ac6b5cdab1', 'Empresas-Convenios_Todos', 'EMPRESAS-CONVENIOS_TODOS');
INSERT INTO "AspNetRoles" ("Id", "ConcurrencyStamp", "Name", "NormalizedName")
VALUES ('6d8717fd-2ef7-4b01-9302-a5b6e083e0e7', '5450a7ae-ed7e-4b72-83b8-945104beed34', 'Empresas_Todos', 'EMPRESAS_TODOS');
INSERT INTO "AspNetRoles" ("Id", "ConcurrencyStamp", "Name", "NormalizedName")
VALUES ('99f6b971-2602-4afb-a9cb-1cec1e7d16fd', 'f82753c8-86ab-4ee8-85e7-19b357d03eda', 'Detentos_Todos', 'DETENTOS_TODOS');
INSERT INTO "AspNetRoles" ("Id", "ConcurrencyStamp", "Name", "NormalizedName")
VALUES ('ef60969b-dc27-44dc-b0a8-3c03a522ec64', '434a6e92-e432-430c-9587-36656d74f85c', 'Dashboard_Todos', 'DASHBOARD_TODOS');
INSERT INTO "AspNetRoles" ("Id", "ConcurrencyStamp", "Name", "NormalizedName")
VALUES ('b3a5b61d-7ff4-43cb-bad4-a945b150fc72', '194c8eaf-4f2e-4d0e-9b45-ab664a763c1e', 'Usuarios_Todos', 'USUARIOS_TODOS');
INSERT INTO "AspNetRoles" ("Id", "ConcurrencyStamp", "Name", "NormalizedName")
VALUES ('e2c6ef91-aa5a-4f30-857c-bd94db0ab240', 'a709e158-cc19-4db2-8bdb-750e5b3d727f', 'Colaboradores_Todos', 'COLABORADORES_TODOS');

INSERT INTO "AspNetUsers" ("UserId", "AccessFailedCount", "ConcurrencyStamp", "Email", "EmailConfirmed", "LockoutEnabled", "LockoutEnd", "NormalizedEmail", "NormalizedUserName", "PasswordHash", "PhoneNumber", "PhoneNumberConfirmed", "SecurityStamp", "TwoFactorEnabled", "UserName")
VALUES ('8e445865-a24d-4543-a6c6-9443d048cdb9', 0, 'ca431822-360a-4ee6-b978-66564d429fc7', NULL, FALSE, FALSE, NULL, NULL, 'ADMIN@GMAIL.COM', 'AQAAAAEAACcQAAAAEFGbgHKOKiDDs5fvXN8kHviorntHToMKurnVJNmsFQNInxhQOyZTwJ2w0SpbyCdZbA==', NULL, FALSE, 'c9514850-61dd-4cc1-b909-88b79b035643', FALSE, 'admin@gmail.com');
INSERT INTO "AspNetUsers" ("UserId", "AccessFailedCount", "ConcurrencyStamp", "Email", "EmailConfirmed", "LockoutEnabled", "LockoutEnd", "NormalizedEmail", "NormalizedUserName", "PasswordHash", "PhoneNumber", "PhoneNumberConfirmed", "SecurityStamp", "TwoFactorEnabled", "UserName")
VALUES ('1e526008-75f7-4a01-9942-d178f2b38888', 0, 'e627e3a3-d53a-4fc9-a87c-32e9ce8e1218', NULL, FALSE, FALSE, NULL, NULL, 'SISTEMA@GMAIL.COM', 'AQAAAAEAACcQAAAAEIW3u0VBTe5BgtXxXDBTs9pxnSdIslsYrAK8y9P4a3S6pT1cmvrWZMX6owmy7TmeAA==', NULL, FALSE, 'e90e63a1-e27d-4394-aa4f-3e2b0bbb9f90', FALSE, 'sistema@gmail.com');

INSERT INTO "Detentos" ("Id", "Cela", "Cpf", "CreatedAt", "CreatedBy", "Galeria", "Ipen", "IsDeleted", "IsProvisorio", "IsSaidaTemporaria", "MatriculaFamiliar", "Nascimento", "Nome", "NomeFamiliar", "Pec", "RetornoSaidaTemporaria", "Rg", "SaidaTemporaria", "Situacao", "UpdatedAt", "UpdatedBy")
VALUES ('12fab6de-0f9a-4667-abdf-fe216bb0441f', 2, NULL, TIMESTAMP '2021-12-03 10:38:32.976796', '1e526008-75f7-4a01-9942-d178f2b38888', 'A', 123456, FALSE, FALSE, TRUE, '000001', TIMESTAMP '0001-01-01 00:00:00', 'Detento 1', 'Maria de Lourdes', NULL, TIMESTAMP '0001-01-01 00:00:00', NULL, TIMESTAMP '0001-01-01 00:00:00', 7, TIMESTAMP '2021-12-03 10:38:32.977548', '1e526008-75f7-4a01-9942-d178f2b38888');
INSERT INTO "Detentos" ("Id", "Cela", "Cpf", "CreatedAt", "CreatedBy", "Galeria", "Ipen", "IsDeleted", "IsProvisorio", "IsSaidaTemporaria", "MatriculaFamiliar", "Nascimento", "Nome", "NomeFamiliar", "Pec", "RetornoSaidaTemporaria", "Rg", "SaidaTemporaria", "Situacao", "UpdatedAt", "UpdatedBy")
VALUES ('533ef31e-407a-4da2-a416-53a50ec0da0e', 10, NULL, TIMESTAMP '2021-12-03 10:38:32.977613', '1e526008-75f7-4a01-9942-d178f2b38888', 'D', 234567, FALSE, TRUE, FALSE, '000002', TIMESTAMP '0001-01-01 00:00:00', 'Detento 2', 'Carlos Amarildo de Souza', NULL, TIMESTAMP '0001-01-01 00:00:00', NULL, TIMESTAMP '0001-01-01 00:00:00', 8, TIMESTAMP '2021-12-03 10:38:32.977615', '1e526008-75f7-4a01-9942-d178f2b38888');

INSERT INTO "Empresas" ("Id", "Bairro", "Cep", "Cidade", "Cnpj", "CreatedAt", "CreatedBy", "Email", "Estado", "IsDeleted", "Logradouro", "NomeFantasia", "Numero", "RazaoSocial", "Responsavel", "TelefoneCelular", "TelefoneFixo", "UpdatedAt", "UpdatedBy", "WhatsApp")
VALUES ('00e08a3e-da29-4493-8786-65c67a98970f', 'Comerciário', 12345678, 'Criciúma', 12345678912345, TIMESTAMP '2021-12-03 10:38:32.98077', '1e526008-75f7-4a01-9942-d178f2b38888', NULL, 'Santa Catarina', FALSE, 'Rua teste', 'RBX', '10', 'RBX Alimentos', 'João da silva', '12345678912345', '12345678912345', TIMESTAMP '2021-12-03 10:38:32.980772', '1e526008-75f7-4a01-9942-d178f2b38888', '12345678912345');
INSERT INTO "Empresas" ("Id", "Bairro", "Cep", "Cidade", "Cnpj", "CreatedAt", "CreatedBy", "Email", "Estado", "IsDeleted", "Logradouro", "NomeFantasia", "Numero", "RazaoSocial", "Responsavel", "TelefoneCelular", "TelefoneFixo", "UpdatedAt", "UpdatedBy", "WhatsApp")
VALUES ('6ba1a56a-e931-4ccd-baf0-bdf907aa8b61', 'Urussanguinha', 12345678, 'Urussanga', 12345678912345, TIMESTAMP '2021-12-03 10:38:32.980783', '1e526008-75f7-4a01-9942-d178f2b38888', NULL, 'Santa Catarina', FALSE, 'Rua teste', 'ESAF', '20', 'ESAF Ferragens', 'Geraldo Fornazza', '12345678912345', '12345678912345', TIMESTAMP '2021-12-03 10:38:32.980783', '1e526008-75f7-4a01-9942-d178f2b38888', '12345678912345');

INSERT INTO "AspNetUserRoles" ("UserId", "RoleId")
VALUES ('8e445865-a24d-4543-a6c6-9443d048cdb9', '2c5e174e-3b0e-446f-86af-483d56fd7210');
INSERT INTO "AspNetUserRoles" ("UserId", "RoleId")
VALUES ('8e445865-a24d-4543-a6c6-9443d048cdb9', 'e6b7ff49-350c-4b89-a533-9eb923d8ba1b');
INSERT INTO "AspNetUserRoles" ("UserId", "RoleId")
VALUES ('1e526008-75f7-4a01-9942-d178f2b38888', '2c5e174e-3b0e-446f-86af-483d56fd7210');

INSERT INTO "EmpresasConvenios" ("Id", "CreatedAt", "CreatedBy", "DataEncerramento", "DataFim", "DataInicio", "EmpresaId", "IsDeleted", "IsRenovacaoAutomatica", "MotivoEncerramento", "Nome", "Responsavel", "Situacao", "TermosGerais", "UpdatedAt", "UpdatedBy")
VALUES ('87f95ebb-8ee3-4585-a0a5-dc230d036a18', TIMESTAMP '2021-12-03 10:38:32.983626', '1e526008-75f7-4a01-9942-d178f2b38888', TIMESTAMP '0001-01-01 00:00:00', TIMESTAMP '2021-12-03 10:38:32.983493', TIMESTAMP '2021-12-03 10:38:32.983463', '00e08a3e-da29-4493-8786-65c67a98970f', FALSE, TRUE, NULL, 'Convenio RBX', 'Amilton luiz', 1, 'Conforme acordado em contrato', TIMESTAMP '2021-12-03 10:38:32.983627', '1e526008-75f7-4a01-9942-d178f2b38888');
INSERT INTO "EmpresasConvenios" ("Id", "CreatedAt", "CreatedBy", "DataEncerramento", "DataFim", "DataInicio", "EmpresaId", "IsDeleted", "IsRenovacaoAutomatica", "MotivoEncerramento", "Nome", "Responsavel", "Situacao", "TermosGerais", "UpdatedAt", "UpdatedBy")
VALUES ('af1f8d4d-6b2d-413d-8407-9ff99537dad5', TIMESTAMP '0001-01-01 00:00:00', '1e526008-75f7-4a01-9942-d178f2b38888', TIMESTAMP '0001-01-01 00:00:00', TIMESTAMP '2021-12-03 10:38:32.983631', TIMESTAMP '2021-12-03 10:38:32.98363', '6ba1a56a-e931-4ccd-baf0-bdf907aa8b61', FALSE, TRUE, NULL, 'Convenio ESAF', 'José luiz datena', 2, 'Termos acertados no contrato', TIMESTAMP '0001-01-01 00:00:00', '1e526008-75f7-4a01-9942-d178f2b38888');

INSERT INTO "Colaboradores" ("Id", "BancoAgencia", "BancoConta", "BancoNumero", "CreatedAt", "CreatedBy", "DataUltimaSituacao", "Desconto", "DescontoOutro", "DetentoId", "DiaPagamento", "EmpresaConvenioId", "FamiliarAutorizadoRetirada", "IsDeleted", "IsRemunerado", "IsTrabalhoInterno", "JornadaFim", "JornadaInicio", "LocalTrabalho", "Observacao", "Remuneracao", "Situacao", "TipoConta", "TipoPagamento", "UpdatedAt", "UpdatedBy")
VALUES ('08adda92-d549-4065-a9c1-14b1adc26ea8', '897654', '456789', 1, TIMESTAMP '2021-12-03 10:38:32.987781', '1e526008-75f7-4a01-9942-d178f2b38888', TIMESTAMP '2021-12-03 10:38:32.987768', 25.0, 33.0, '12fab6de-0f9a-4667-abdf-fe216bb0441f', 5, '87f95ebb-8ee3-4585-a0a5-dc230d036a18', 'Teste 1', FALSE, TRUE, FALSE, '14:00', '07:30', 'Fábrica do conveniado', 'Nenhuma observação 2', 1000.2, 2, 3, 2, TIMESTAMP '2021-12-03 10:38:32.987781', '1e526008-75f7-4a01-9942-d178f2b38888');
INSERT INTO "Colaboradores" ("Id", "BancoAgencia", "BancoConta", "BancoNumero", "CreatedAt", "CreatedBy", "DataUltimaSituacao", "Desconto", "DescontoOutro", "DetentoId", "DiaPagamento", "EmpresaConvenioId", "FamiliarAutorizadoRetirada", "IsDeleted", "IsRemunerado", "IsTrabalhoInterno", "JornadaFim", "JornadaInicio", "LocalTrabalho", "Observacao", "Remuneracao", "Situacao", "TipoConta", "TipoPagamento", "UpdatedAt", "UpdatedBy")
VALUES ('a8cf3741-5bad-49ef-9e94-0e2dbb48ab3a', '654321', '123456', 341, TIMESTAMP '2021-12-03 10:38:32.987764', '1e526008-75f7-4a01-9942-d178f2b38888', TIMESTAMP '2021-12-03 10:38:32.98737', 25.0, 33.0, '533ef31e-407a-4da2-a416-53a50ec0da0e', 10, 'af1f8d4d-6b2d-413d-8407-9ff99537dad5', 'Teste', FALSE, TRUE, TRUE, '17:00', '08:00', 'GALERIA', 'Nenhuma observação', 1000.2, 1, 2, 1, TIMESTAMP '2021-12-03 10:38:32.987765', '1e526008-75f7-4a01-9942-d178f2b38888');

INSERT INTO "ContasCorrentes" ("Id", "ColaboradorId", "CreatedAt", "CreatedBy", "DataUltimoStatus", "IsDeleted", "Numero", "Status", "UpdatedAt", "UpdatedBy")
VALUES ('7c656707-a8e5-41ac-be05-4b03ea5c1692', '08adda92-d549-4065-a9c1-14b1adc26ea8', TIMESTAMP '2021-12-03 10:38:32.990349', '1e526008-75f7-4a01-9942-d178f2b38888', TIMESTAMP '2021-12-03 10:38:32.990347', FALSE, 123456, 1, TIMESTAMP '2021-12-03 10:38:32.990349', '1e526008-75f7-4a01-9942-d178f2b38888');
INSERT INTO "ContasCorrentes" ("Id", "ColaboradorId", "CreatedAt", "CreatedBy", "DataUltimoStatus", "IsDeleted", "Numero", "Status", "UpdatedAt", "UpdatedBy")
VALUES ('f2358763-f076-4178-8f40-c24eeadf3e96', 'a8cf3741-5bad-49ef-9e94-0e2dbb48ab3a', TIMESTAMP '2021-12-03 10:38:32.990313', '1e526008-75f7-4a01-9942-d178f2b38888', TIMESTAMP '2021-12-03 10:38:32.990263', FALSE, 234567, 1, TIMESTAMP '2021-12-03 10:38:32.990315', '1e526008-75f7-4a01-9942-d178f2b38888');

INSERT INTO "Lancamentos" ("Id", "ContaCorrenteId", "CreatedAt", "CreatedBy", "DataLiquidacao", "DataUltimoStatus", "Desconto", "Descricao", "IsDeleted", "Observacao", "PeriodoDataFim", "PeriodoDataInicio", "PeriodoReferencia", "Status", "Tipo", "UpdatedAt", "UpdatedBy", "ValorBruto", "ValorLiquido")
VALUES ('0af820ce-7131-45de-a98d-947f972c2a84', 'f2358763-f076-4178-8f40-c24eeadf3e96', TIMESTAMP '2021-12-03 10:38:32.992328', '1e526008-75f7-4a01-9942-d178f2b38888', TIMESTAMP '2021-12-03 10:38:32.99209', TIMESTAMP '2021-12-03 10:38:32.992234', 100.25, 'Pagamento mensal 1', FALSE, 'Informações teste registro 1', 31, 1, 1, 1, 1, TIMESTAMP '2021-12-03 10:38:32.992329', '1e526008-75f7-4a01-9942-d178f2b38888', 1000.2, 900.1);
INSERT INTO "Lancamentos" ("Id", "ContaCorrenteId", "CreatedAt", "CreatedBy", "DataLiquidacao", "DataUltimoStatus", "Desconto", "Descricao", "IsDeleted", "Observacao", "PeriodoDataFim", "PeriodoDataInicio", "PeriodoReferencia", "Status", "Tipo", "UpdatedAt", "UpdatedBy", "ValorBruto", "ValorLiquido")
VALUES ('f9ccef5e-d217-485f-91de-97cd93efca3a', 'f2358763-f076-4178-8f40-c24eeadf3e96', TIMESTAMP '2021-12-03 10:38:32.992364', '1e526008-75f7-4a01-9942-d178f2b38888', TIMESTAMP '2021-12-03 10:38:32.992356', TIMESTAMP '2021-12-03 10:38:32.992359', 255.7, 'Pagamento mensal 2', FALSE, 'Informações teste registro 2', 31, 1, 4, 2, 1, TIMESTAMP '2021-12-03 10:38:32.992364', '1e526008-75f7-4a01-9942-d178f2b38888', 1000.2, 600.44);

CREATE INDEX "IX_AspNetRoleClaims_RoleId" ON "AspNetRoleClaims" ("RoleId");

CREATE UNIQUE INDEX "RoleNameIndex" ON "AspNetRoles" ("NormalizedName");

CREATE INDEX "IX_AspNetUserClaims_UserId" ON "AspNetUserClaims" ("UserId");

CREATE INDEX "IX_AspNetUserLogins_UserId" ON "AspNetUserLogins" ("UserId");

CREATE INDEX "IX_AspNetUserRoles_RoleId" ON "AspNetUserRoles" ("RoleId");

CREATE INDEX "EmailIndex" ON "AspNetUsers" ("NormalizedEmail");

CREATE UNIQUE INDEX "UserNameIndex" ON "AspNetUsers" ("NormalizedUserName");

CREATE UNIQUE INDEX "IX_Colaboradores_DetentoId" ON "Colaboradores" ("DetentoId") WHERE "IsDeleted"='0';

CREATE INDEX "IX_Colaboradores_EmpresaConvenioId" ON "Colaboradores" ("EmpresaConvenioId") WHERE "IsDeleted"='0';

CREATE UNIQUE INDEX "IX_ContasCorrentes_ColaboradorId" ON "ContasCorrentes" ("ColaboradorId") WHERE "IsDeleted"='0';

CREATE INDEX "IX_ContasCorrentes_Numero" ON "ContasCorrentes" ("Numero");

CREATE UNIQUE INDEX "IX_ContaUsuarios_UserId" ON "ContaUsuarios" ("UserId");

CREATE UNIQUE INDEX "IX_Detentos_Ipen" ON "Detentos" ("Ipen");

CREATE UNIQUE INDEX "IX_Detentos_MatriculaFamiliar" ON "Detentos" ("MatriculaFamiliar");

CREATE INDEX "IX_EmpresasConvenios_EmpresaId" ON "EmpresasConvenios" ("EmpresaId") WHERE "IsDeleted"='0';

CREATE INDEX "IX_Lancamentos_ContaCorrenteId" ON "Lancamentos" ("ContaCorrenteId") WHERE "IsDeleted"='0';

INSERT INTO "__EFMigrationsHistory" ("MigrationId", "ProductVersion")
VALUES ('20211203133833_CreateInitial', '3.1.2');

ALTER TABLE "Empresas" ALTER COLUMN "Cnpj" TYPE character varying(14);
ALTER TABLE "Empresas" ALTER COLUMN "Cnpj" DROP NOT NULL;
ALTER TABLE "Empresas" ALTER COLUMN "Cnpj" DROP DEFAULT;

UPDATE "Colaboradores" SET "CreatedAt" = TIMESTAMP '2021-12-06 16:01:41.33619', "DataUltimaSituacao" = TIMESTAMP '2021-12-06 16:01:41.336172', "UpdatedAt" = TIMESTAMP '2021-12-06 16:01:41.33619'
WHERE "Id" = '08adda92-d549-4065-a9c1-14b1adc26ea8';

UPDATE "Colaboradores" SET "CreatedAt" = TIMESTAMP '2021-12-06 16:01:41.336167', "DataUltimaSituacao" = TIMESTAMP '2021-12-06 16:01:41.335645', "UpdatedAt" = TIMESTAMP '2021-12-06 16:01:41.336168'
WHERE "Id" = 'a8cf3741-5bad-49ef-9e94-0e2dbb48ab3a';

UPDATE "ContasCorrentes" SET "CreatedAt" = TIMESTAMP '2021-12-06 16:01:41.340576', "DataUltimoStatus" = TIMESTAMP '2021-12-06 16:01:41.340574', "UpdatedAt" = TIMESTAMP '2021-12-06 16:01:41.340576'
WHERE "Id" = '7c656707-a8e5-41ac-be05-4b03ea5c1692';

UPDATE "ContasCorrentes" SET "CreatedAt" = TIMESTAMP '2021-12-06 16:01:41.340531', "DataUltimoStatus" = TIMESTAMP '2021-12-06 16:01:41.340462', "UpdatedAt" = TIMESTAMP '2021-12-06 16:01:41.340532'
WHERE "Id" = 'f2358763-f076-4178-8f40-c24eeadf3e96';

UPDATE "Detentos" SET "CreatedAt" = TIMESTAMP '2021-12-06 16:01:41.321888', "UpdatedAt" = TIMESTAMP '2021-12-06 16:01:41.322901'
WHERE "Id" = '12fab6de-0f9a-4667-abdf-fe216bb0441f';

UPDATE "Detentos" SET "CreatedAt" = TIMESTAMP '2021-12-06 16:01:41.322987', "UpdatedAt" = TIMESTAMP '2021-12-06 16:01:41.322989'
WHERE "Id" = '533ef31e-407a-4da2-a416-53a50ec0da0e';

UPDATE "Empresas" SET "Cnpj" = '12345678912345', "CreatedAt" = TIMESTAMP '2021-12-06 16:01:41.32684', "UpdatedAt" = TIMESTAMP '2021-12-06 16:01:41.326843'
WHERE "Id" = '00e08a3e-da29-4493-8786-65c67a98970f';

UPDATE "Empresas" SET "Cnpj" = '12345678912345', "CreatedAt" = TIMESTAMP '2021-12-06 16:01:41.326859', "UpdatedAt" = TIMESTAMP '2021-12-06 16:01:41.326859'
WHERE "Id" = '6ba1a56a-e931-4ccd-baf0-bdf907aa8b61';

UPDATE "EmpresasConvenios" SET "CreatedAt" = TIMESTAMP '2021-12-06 16:01:41.3307', "DataFim" = TIMESTAMP '2021-12-06 16:01:41.3305', "DataInicio" = TIMESTAMP '2021-12-06 16:01:41.33046', "UpdatedAt" = TIMESTAMP '2021-12-06 16:01:41.330703'
WHERE "Id" = '87f95ebb-8ee3-4585-a0a5-dc230d036a18';

UPDATE "EmpresasConvenios" SET "DataFim" = TIMESTAMP '2021-12-06 16:01:41.330711', "DataInicio" = TIMESTAMP '2021-12-06 16:01:41.330709'
WHERE "Id" = 'af1f8d4d-6b2d-413d-8407-9ff99537dad5';

UPDATE "Lancamentos" SET "CreatedAt" = TIMESTAMP '2021-12-06 16:01:41.343291', "DataLiquidacao" = TIMESTAMP '2021-12-06 16:01:41.342968', "DataUltimoStatus" = TIMESTAMP '2021-12-06 16:01:41.343153', "UpdatedAt" = TIMESTAMP '2021-12-06 16:01:41.343292'
WHERE "Id" = '0af820ce-7131-45de-a98d-947f972c2a84';

UPDATE "Lancamentos" SET "CreatedAt" = TIMESTAMP '2021-12-06 16:01:41.343341', "DataLiquidacao" = TIMESTAMP '2021-12-06 16:01:41.343328', "DataUltimoStatus" = TIMESTAMP '2021-12-06 16:01:41.343334', "UpdatedAt" = TIMESTAMP '2021-12-06 16:01:41.343342'
WHERE "Id" = 'f9ccef5e-d217-485f-91de-97cd93efca3a';

INSERT INTO "__EFMigrationsHistory" ("MigrationId", "ProductVersion")
VALUES ('20211206190142_ChangeEmpresas', '3.1.2');

ALTER TABLE "Detentos" ALTER COLUMN "Rg" TYPE text;
ALTER TABLE "Detentos" ALTER COLUMN "Rg" DROP NOT NULL;
ALTER TABLE "Detentos" ALTER COLUMN "Rg" DROP DEFAULT;

ALTER TABLE "Detentos" ALTER COLUMN "Pec" TYPE text;
ALTER TABLE "Detentos" ALTER COLUMN "Pec" DROP NOT NULL;
ALTER TABLE "Detentos" ALTER COLUMN "Pec" DROP DEFAULT;

ALTER TABLE "Detentos" ALTER COLUMN "NomeFamiliar" TYPE text;
ALTER TABLE "Detentos" ALTER COLUMN "NomeFamiliar" DROP NOT NULL;
ALTER TABLE "Detentos" ALTER COLUMN "NomeFamiliar" DROP DEFAULT;

ALTER TABLE "Detentos" ALTER COLUMN "Cpf" TYPE character varying(11);
ALTER TABLE "Detentos" ALTER COLUMN "Cpf" DROP NOT NULL;
ALTER TABLE "Detentos" ALTER COLUMN "Cpf" DROP DEFAULT;

UPDATE "Colaboradores" SET "CreatedAt" = TIMESTAMP '2021-12-06 19:36:20.638267', "DataUltimaSituacao" = TIMESTAMP '2021-12-06 19:36:20.638247', "UpdatedAt" = TIMESTAMP '2021-12-06 19:36:20.638267'
WHERE "Id" = '08adda92-d549-4065-a9c1-14b1adc26ea8';

UPDATE "Colaboradores" SET "CreatedAt" = TIMESTAMP '2021-12-06 19:36:20.638242', "DataUltimaSituacao" = TIMESTAMP '2021-12-06 19:36:20.63782', "UpdatedAt" = TIMESTAMP '2021-12-06 19:36:20.638243'
WHERE "Id" = 'a8cf3741-5bad-49ef-9e94-0e2dbb48ab3a';

UPDATE "ContasCorrentes" SET "CreatedAt" = TIMESTAMP '2021-12-06 19:36:20.64109', "DataUltimoStatus" = TIMESTAMP '2021-12-06 19:36:20.641088', "UpdatedAt" = TIMESTAMP '2021-12-06 19:36:20.64109'
WHERE "Id" = '7c656707-a8e5-41ac-be05-4b03ea5c1692';

UPDATE "ContasCorrentes" SET "CreatedAt" = TIMESTAMP '2021-12-06 19:36:20.641054', "DataUltimoStatus" = TIMESTAMP '2021-12-06 19:36:20.640999', "UpdatedAt" = TIMESTAMP '2021-12-06 19:36:20.641055'
WHERE "Id" = 'f2358763-f076-4178-8f40-c24eeadf3e96';

UPDATE "Detentos" SET "CreatedAt" = TIMESTAMP '2021-12-06 19:36:20.623847', "NomeFamiliar" = 'Maria de Lourdes', "UpdatedAt" = TIMESTAMP '2021-12-06 19:36:20.624839'
WHERE "Id" = '12fab6de-0f9a-4667-abdf-fe216bb0441f';

UPDATE "Detentos" SET "CreatedAt" = TIMESTAMP '2021-12-06 19:36:20.624907', "NomeFamiliar" = 'Carlos Amarildo de Souza', "UpdatedAt" = TIMESTAMP '2021-12-06 19:36:20.624909'
WHERE "Id" = '533ef31e-407a-4da2-a416-53a50ec0da0e';

UPDATE "Empresas" SET "CreatedAt" = TIMESTAMP '2021-12-06 19:36:20.628117', "UpdatedAt" = TIMESTAMP '2021-12-06 19:36:20.628121'
WHERE "Id" = '00e08a3e-da29-4493-8786-65c67a98970f';

UPDATE "Empresas" SET "CreatedAt" = TIMESTAMP '2021-12-06 19:36:20.628134', "UpdatedAt" = TIMESTAMP '2021-12-06 19:36:20.628134'
WHERE "Id" = '6ba1a56a-e931-4ccd-baf0-bdf907aa8b61';

UPDATE "EmpresasConvenios" SET "CreatedAt" = TIMESTAMP '2021-12-06 19:36:20.633042', "DataFim" = TIMESTAMP '2021-12-06 19:36:20.632844', "DataInicio" = TIMESTAMP '2021-12-06 19:36:20.632806', "UpdatedAt" = TIMESTAMP '2021-12-06 19:36:20.633044'
WHERE "Id" = '87f95ebb-8ee3-4585-a0a5-dc230d036a18';

UPDATE "EmpresasConvenios" SET "DataFim" = TIMESTAMP '2021-12-06 19:36:20.63305', "DataInicio" = TIMESTAMP '2021-12-06 19:36:20.633049'
WHERE "Id" = 'af1f8d4d-6b2d-413d-8407-9ff99537dad5';

UPDATE "Lancamentos" SET "CreatedAt" = TIMESTAMP '2021-12-06 19:36:20.643317', "DataLiquidacao" = TIMESTAMP '2021-12-06 19:36:20.643055', "DataUltimoStatus" = TIMESTAMP '2021-12-06 19:36:20.643213', "UpdatedAt" = TIMESTAMP '2021-12-06 19:36:20.643318'
WHERE "Id" = '0af820ce-7131-45de-a98d-947f972c2a84';

UPDATE "Lancamentos" SET "CreatedAt" = TIMESTAMP '2021-12-06 19:36:20.643358', "DataLiquidacao" = TIMESTAMP '2021-12-06 19:36:20.643346', "DataUltimoStatus" = TIMESTAMP '2021-12-06 19:36:20.643351', "UpdatedAt" = TIMESTAMP '2021-12-06 19:36:20.643358'
WHERE "Id" = 'f9ccef5e-d217-485f-91de-97cd93efca3a';

INSERT INTO "__EFMigrationsHistory" ("MigrationId", "ProductVersion")
VALUES ('20211206223621_ChangeDetentos', '3.1.2');

ALTER TABLE "Colaboradores" ALTER COLUMN "Remuneracao" TYPE decimal(7,3);
ALTER TABLE "Colaboradores" ALTER COLUMN "Remuneracao" SET NOT NULL;
ALTER TABLE "Colaboradores" ALTER COLUMN "Remuneracao" DROP DEFAULT;

ALTER TABLE "Colaboradores" ADD "DataInicio" timestamp without time zone NOT NULL DEFAULT TIMESTAMP '0001-01-01 00:00:00';

UPDATE "Colaboradores" SET "CreatedAt" = TIMESTAMP '2021-12-07 10:36:31.695957', "DataUltimaSituacao" = TIMESTAMP '2021-12-07 10:36:31.695939', "UpdatedAt" = TIMESTAMP '2021-12-07 10:36:31.695957'
WHERE "Id" = '08adda92-d549-4065-a9c1-14b1adc26ea8';

UPDATE "Colaboradores" SET "CreatedAt" = TIMESTAMP '2021-12-07 10:36:31.695933', "DataUltimaSituacao" = TIMESTAMP '2021-12-07 10:36:31.695361', "UpdatedAt" = TIMESTAMP '2021-12-07 10:36:31.695935'
WHERE "Id" = 'a8cf3741-5bad-49ef-9e94-0e2dbb48ab3a';

UPDATE "ContasCorrentes" SET "CreatedAt" = TIMESTAMP '2021-12-07 10:36:31.700152', "DataUltimoStatus" = TIMESTAMP '2021-12-07 10:36:31.70015', "UpdatedAt" = TIMESTAMP '2021-12-07 10:36:31.700152'
WHERE "Id" = '7c656707-a8e5-41ac-be05-4b03ea5c1692';

UPDATE "ContasCorrentes" SET "CreatedAt" = TIMESTAMP '2021-12-07 10:36:31.700102', "DataUltimoStatus" = TIMESTAMP '2021-12-07 10:36:31.700026', "UpdatedAt" = TIMESTAMP '2021-12-07 10:36:31.700103'
WHERE "Id" = 'f2358763-f076-4178-8f40-c24eeadf3e96';

UPDATE "Detentos" SET "CreatedAt" = TIMESTAMP '2021-12-07 10:36:31.67969', "NomeFamiliar" = 'Maria de Lourdes', "UpdatedAt" = TIMESTAMP '2021-12-07 10:36:31.680756'
WHERE "Id" = '12fab6de-0f9a-4667-abdf-fe216bb0441f';

UPDATE "Detentos" SET "CreatedAt" = TIMESTAMP '2021-12-07 10:36:31.68085', "NomeFamiliar" = 'Carlos Amarildo de Souza', "UpdatedAt" = TIMESTAMP '2021-12-07 10:36:31.680852'
WHERE "Id" = '533ef31e-407a-4da2-a416-53a50ec0da0e';

UPDATE "Empresas" SET "CreatedAt" = TIMESTAMP '2021-12-07 10:36:31.68651', "UpdatedAt" = TIMESTAMP '2021-12-07 10:36:31.686514'
WHERE "Id" = '00e08a3e-da29-4493-8786-65c67a98970f';

UPDATE "Empresas" SET "CreatedAt" = TIMESTAMP '2021-12-07 10:36:31.68653', "UpdatedAt" = TIMESTAMP '2021-12-07 10:36:31.686531'
WHERE "Id" = '6ba1a56a-e931-4ccd-baf0-bdf907aa8b61';

UPDATE "EmpresasConvenios" SET "CreatedAt" = TIMESTAMP '2021-12-07 10:36:31.69042', "DataFim" = TIMESTAMP '2021-12-07 10:36:31.690239', "DataInicio" = TIMESTAMP '2021-12-07 10:36:31.690199', "UpdatedAt" = TIMESTAMP '2021-12-07 10:36:31.690421'
WHERE "Id" = '87f95ebb-8ee3-4585-a0a5-dc230d036a18';

UPDATE "EmpresasConvenios" SET "DataFim" = TIMESTAMP '2021-12-07 10:36:31.690426', "DataInicio" = TIMESTAMP '2021-12-07 10:36:31.690425'
WHERE "Id" = 'af1f8d4d-6b2d-413d-8407-9ff99537dad5';

UPDATE "Lancamentos" SET "CreatedAt" = TIMESTAMP '2021-12-07 10:36:31.70364', "DataLiquidacao" = TIMESTAMP '2021-12-07 10:36:31.703198', "DataUltimoStatus" = TIMESTAMP '2021-12-07 10:36:31.703488', "UpdatedAt" = TIMESTAMP '2021-12-07 10:36:31.703641'
WHERE "Id" = '0af820ce-7131-45de-a98d-947f972c2a84';

UPDATE "Lancamentos" SET "CreatedAt" = TIMESTAMP '2021-12-07 10:36:31.703695', "DataLiquidacao" = TIMESTAMP '2021-12-07 10:36:31.703681', "DataUltimoStatus" = TIMESTAMP '2021-12-07 10:36:31.703687', "UpdatedAt" = TIMESTAMP '2021-12-07 10:36:31.703695'
WHERE "Id" = 'f9ccef5e-d217-485f-91de-97cd93efca3a';

INSERT INTO "__EFMigrationsHistory" ("MigrationId", "ProductVersion")
VALUES ('20211207133632_ChangeDiversos', '3.1.2');

ALTER TABLE "Colaboradores" ADD "Folga" character varying(255) NULL;

UPDATE "Colaboradores" SET "CreatedAt" = TIMESTAMP '2021-12-07 12:47:50.230411', "DataUltimaSituacao" = TIMESTAMP '2021-12-07 12:47:50.230392', "UpdatedAt" = TIMESTAMP '2021-12-07 12:47:50.230412'
WHERE "Id" = '08adda92-d549-4065-a9c1-14b1adc26ea8';

UPDATE "Colaboradores" SET "CreatedAt" = TIMESTAMP '2021-12-07 12:47:50.230388', "DataUltimaSituacao" = TIMESTAMP '2021-12-07 12:47:50.229883', "UpdatedAt" = TIMESTAMP '2021-12-07 12:47:50.230389'
WHERE "Id" = 'a8cf3741-5bad-49ef-9e94-0e2dbb48ab3a';

UPDATE "ContasCorrentes" SET "CreatedAt" = TIMESTAMP '2021-12-07 12:47:50.233517', "DataUltimoStatus" = TIMESTAMP '2021-12-07 12:47:50.233515', "UpdatedAt" = TIMESTAMP '2021-12-07 12:47:50.233517'
WHERE "Id" = '7c656707-a8e5-41ac-be05-4b03ea5c1692';

UPDATE "ContasCorrentes" SET "CreatedAt" = TIMESTAMP '2021-12-07 12:47:50.233473', "DataUltimoStatus" = TIMESTAMP '2021-12-07 12:47:50.233408', "UpdatedAt" = TIMESTAMP '2021-12-07 12:47:50.233474'
WHERE "Id" = 'f2358763-f076-4178-8f40-c24eeadf3e96';

UPDATE "Detentos" SET "CreatedAt" = TIMESTAMP '2021-12-07 12:47:50.217016', "NomeFamiliar" = 'Maria de Lourdes', "UpdatedAt" = TIMESTAMP '2021-12-07 12:47:50.218001'
WHERE "Id" = '12fab6de-0f9a-4667-abdf-fe216bb0441f';

UPDATE "Detentos" SET "CreatedAt" = TIMESTAMP '2021-12-07 12:47:50.218084', "NomeFamiliar" = 'Carlos Amarildo de Souza', "UpdatedAt" = TIMESTAMP '2021-12-07 12:47:50.218087'
WHERE "Id" = '533ef31e-407a-4da2-a416-53a50ec0da0e';

UPDATE "Empresas" SET "CreatedAt" = TIMESTAMP '2021-12-07 12:47:50.221915', "UpdatedAt" = TIMESTAMP '2021-12-07 12:47:50.221918'
WHERE "Id" = '00e08a3e-da29-4493-8786-65c67a98970f';

UPDATE "Empresas" SET "CreatedAt" = TIMESTAMP '2021-12-07 12:47:50.221932', "UpdatedAt" = TIMESTAMP '2021-12-07 12:47:50.221933'
WHERE "Id" = '6ba1a56a-e931-4ccd-baf0-bdf907aa8b61';

UPDATE "EmpresasConvenios" SET "CreatedAt" = TIMESTAMP '2021-12-07 12:47:50.225382', "DataFim" = TIMESTAMP '2021-12-07 12:47:50.225211', "DataInicio" = TIMESTAMP '2021-12-07 12:47:50.225173', "UpdatedAt" = TIMESTAMP '2021-12-07 12:47:50.225383'
WHERE "Id" = '87f95ebb-8ee3-4585-a0a5-dc230d036a18';

UPDATE "EmpresasConvenios" SET "DataFim" = TIMESTAMP '2021-12-07 12:47:50.225389', "DataInicio" = TIMESTAMP '2021-12-07 12:47:50.225388'
WHERE "Id" = 'af1f8d4d-6b2d-413d-8407-9ff99537dad5';

UPDATE "Lancamentos" SET "CreatedAt" = TIMESTAMP '2021-12-07 12:47:50.236107', "DataLiquidacao" = TIMESTAMP '2021-12-07 12:47:50.235803', "DataUltimoStatus" = TIMESTAMP '2021-12-07 12:47:50.235988', "UpdatedAt" = TIMESTAMP '2021-12-07 12:47:50.236108'
WHERE "Id" = '0af820ce-7131-45de-a98d-947f972c2a84';

UPDATE "Lancamentos" SET "CreatedAt" = TIMESTAMP '2021-12-07 12:47:50.236156', "DataLiquidacao" = TIMESTAMP '2021-12-07 12:47:50.236142', "DataUltimoStatus" = TIMESTAMP '2021-12-07 12:47:50.236148', "UpdatedAt" = TIMESTAMP '2021-12-07 12:47:50.236156'
WHERE "Id" = 'f9ccef5e-d217-485f-91de-97cd93efca3a';

INSERT INTO "__EFMigrationsHistory" ("MigrationId", "ProductVersion")
VALUES ('20211207154751_ChangeColaboradores', '3.1.2');

ALTER TABLE "Colaboradores" ALTER COLUMN "BancoConta" TYPE character varying(25);
ALTER TABLE "Colaboradores" ALTER COLUMN "BancoConta" DROP NOT NULL;
ALTER TABLE "Colaboradores" ALTER COLUMN "BancoConta" DROP DEFAULT;

ALTER TABLE "Colaboradores" ALTER COLUMN "BancoAgencia" TYPE character varying(25);
ALTER TABLE "Colaboradores" ALTER COLUMN "BancoAgencia" DROP NOT NULL;
ALTER TABLE "Colaboradores" ALTER COLUMN "BancoAgencia" DROP DEFAULT;

UPDATE "Colaboradores" SET "CreatedAt" = TIMESTAMP '2021-12-07 13:35:07.896461', "DataUltimaSituacao" = TIMESTAMP '2021-12-07 13:35:07.896424', "UpdatedAt" = TIMESTAMP '2021-12-07 13:35:07.896461'
WHERE "Id" = '08adda92-d549-4065-a9c1-14b1adc26ea8';

UPDATE "Colaboradores" SET "CreatedAt" = TIMESTAMP '2021-12-07 13:35:07.896412', "DataUltimaSituacao" = TIMESTAMP '2021-12-07 13:35:07.895245', "UpdatedAt" = TIMESTAMP '2021-12-07 13:35:07.896416'
WHERE "Id" = 'a8cf3741-5bad-49ef-9e94-0e2dbb48ab3a';

UPDATE "ContasCorrentes" SET "CreatedAt" = TIMESTAMP '2021-12-07 13:35:07.902905', "DataUltimoStatus" = TIMESTAMP '2021-12-07 13:35:07.902901', "UpdatedAt" = TIMESTAMP '2021-12-07 13:35:07.902905'
WHERE "Id" = '7c656707-a8e5-41ac-be05-4b03ea5c1692';

UPDATE "ContasCorrentes" SET "CreatedAt" = TIMESTAMP '2021-12-07 13:35:07.902855', "DataUltimoStatus" = TIMESTAMP '2021-12-07 13:35:07.902784', "UpdatedAt" = TIMESTAMP '2021-12-07 13:35:07.902857'
WHERE "Id" = 'f2358763-f076-4178-8f40-c24eeadf3e96';

UPDATE "Detentos" SET "CreatedAt" = TIMESTAMP '2021-12-07 13:35:07.878766', "NomeFamiliar" = 'Maria de Lourdes', "UpdatedAt" = TIMESTAMP '2021-12-07 13:35:07.881542'
WHERE "Id" = '12fab6de-0f9a-4667-abdf-fe216bb0441f';

UPDATE "Detentos" SET "CreatedAt" = TIMESTAMP '2021-12-07 13:35:07.881642', "NomeFamiliar" = 'Carlos Amarildo de Souza', "UpdatedAt" = TIMESTAMP '2021-12-07 13:35:07.881644'
WHERE "Id" = '533ef31e-407a-4da2-a416-53a50ec0da0e';

UPDATE "Empresas" SET "CreatedAt" = TIMESTAMP '2021-12-07 13:35:07.885976', "UpdatedAt" = TIMESTAMP '2021-12-07 13:35:07.885979'
WHERE "Id" = '00e08a3e-da29-4493-8786-65c67a98970f';

UPDATE "Empresas" SET "CreatedAt" = TIMESTAMP '2021-12-07 13:35:07.885997', "UpdatedAt" = TIMESTAMP '2021-12-07 13:35:07.885997'
WHERE "Id" = '6ba1a56a-e931-4ccd-baf0-bdf907aa8b61';

UPDATE "EmpresasConvenios" SET "CreatedAt" = TIMESTAMP '2021-12-07 13:35:07.889818', "DataFim" = TIMESTAMP '2021-12-07 13:35:07.889634', "DataInicio" = TIMESTAMP '2021-12-07 13:35:07.889594', "UpdatedAt" = TIMESTAMP '2021-12-07 13:35:07.889819'
WHERE "Id" = '87f95ebb-8ee3-4585-a0a5-dc230d036a18';

UPDATE "EmpresasConvenios" SET "DataFim" = TIMESTAMP '2021-12-07 13:35:07.889824', "DataInicio" = TIMESTAMP '2021-12-07 13:35:07.889823'
WHERE "Id" = 'af1f8d4d-6b2d-413d-8407-9ff99537dad5';

UPDATE "Lancamentos" SET "CreatedAt" = TIMESTAMP '2021-12-07 13:35:07.905546', "DataLiquidacao" = TIMESTAMP '2021-12-07 13:35:07.905219', "DataUltimoStatus" = TIMESTAMP '2021-12-07 13:35:07.905418', "UpdatedAt" = TIMESTAMP '2021-12-07 13:35:07.905547'
WHERE "Id" = '0af820ce-7131-45de-a98d-947f972c2a84';

UPDATE "Lancamentos" SET "CreatedAt" = TIMESTAMP '2021-12-07 13:35:07.905596', "DataLiquidacao" = TIMESTAMP '2021-12-07 13:35:07.905584', "DataUltimoStatus" = TIMESTAMP '2021-12-07 13:35:07.905589', "UpdatedAt" = TIMESTAMP '2021-12-07 13:35:07.905597'
WHERE "Id" = 'f9ccef5e-d217-485f-91de-97cd93efca3a';

INSERT INTO "__EFMigrationsHistory" ("MigrationId", "ProductVersion")
VALUES ('20211207163508_ChangeColaboradoresFieldsBanco', '3.1.2');

ALTER TABLE "Colaboradores" ALTER COLUMN "TipoConta" TYPE integer;
ALTER TABLE "Colaboradores" ALTER COLUMN "TipoConta" SET NOT NULL;
ALTER TABLE "Colaboradores" ALTER COLUMN "TipoConta" SET DEFAULT 0;

UPDATE "Colaboradores" SET "CreatedAt" = TIMESTAMP '2021-12-07 13:41:35.735671', "DataUltimaSituacao" = TIMESTAMP '2021-12-07 13:41:35.735653', "TipoConta" = 3, "UpdatedAt" = TIMESTAMP '2021-12-07 13:41:35.735671'
WHERE "Id" = '08adda92-d549-4065-a9c1-14b1adc26ea8';

UPDATE "Colaboradores" SET "CreatedAt" = TIMESTAMP '2021-12-07 13:41:35.735648', "DataUltimaSituacao" = TIMESTAMP '2021-12-07 13:41:35.735111', "TipoConta" = 2, "UpdatedAt" = TIMESTAMP '2021-12-07 13:41:35.735649'
WHERE "Id" = 'a8cf3741-5bad-49ef-9e94-0e2dbb48ab3a';

UPDATE "ContasCorrentes" SET "CreatedAt" = TIMESTAMP '2021-12-07 13:41:35.739859', "DataUltimoStatus" = TIMESTAMP '2021-12-07 13:41:35.739855', "UpdatedAt" = TIMESTAMP '2021-12-07 13:41:35.73986'
WHERE "Id" = '7c656707-a8e5-41ac-be05-4b03ea5c1692';

UPDATE "ContasCorrentes" SET "CreatedAt" = TIMESTAMP '2021-12-07 13:41:35.739787', "DataUltimoStatus" = TIMESTAMP '2021-12-07 13:41:35.73968', "UpdatedAt" = TIMESTAMP '2021-12-07 13:41:35.73979'
WHERE "Id" = 'f2358763-f076-4178-8f40-c24eeadf3e96';

UPDATE "Detentos" SET "CreatedAt" = TIMESTAMP '2021-12-07 13:41:35.720993', "NomeFamiliar" = 'Maria de Lourdes', "UpdatedAt" = TIMESTAMP '2021-12-07 13:41:35.722059'
WHERE "Id" = '12fab6de-0f9a-4667-abdf-fe216bb0441f';

UPDATE "Detentos" SET "CreatedAt" = TIMESTAMP '2021-12-07 13:41:35.722148', "NomeFamiliar" = 'Carlos Amarildo de Souza', "UpdatedAt" = TIMESTAMP '2021-12-07 13:41:35.72215'
WHERE "Id" = '533ef31e-407a-4da2-a416-53a50ec0da0e';

UPDATE "Empresas" SET "CreatedAt" = TIMESTAMP '2021-12-07 13:41:35.726244', "UpdatedAt" = TIMESTAMP '2021-12-07 13:41:35.726248'
WHERE "Id" = '00e08a3e-da29-4493-8786-65c67a98970f';

UPDATE "Empresas" SET "CreatedAt" = TIMESTAMP '2021-12-07 13:41:35.726264', "UpdatedAt" = TIMESTAMP '2021-12-07 13:41:35.726264'
WHERE "Id" = '6ba1a56a-e931-4ccd-baf0-bdf907aa8b61';

UPDATE "EmpresasConvenios" SET "CreatedAt" = TIMESTAMP '2021-12-07 13:41:35.729876', "DataFim" = TIMESTAMP '2021-12-07 13:41:35.729695', "DataInicio" = TIMESTAMP '2021-12-07 13:41:35.729657', "UpdatedAt" = TIMESTAMP '2021-12-07 13:41:35.729877'
WHERE "Id" = '87f95ebb-8ee3-4585-a0a5-dc230d036a18';

UPDATE "EmpresasConvenios" SET "DataFim" = TIMESTAMP '2021-12-07 13:41:35.729882', "DataInicio" = TIMESTAMP '2021-12-07 13:41:35.729881'
WHERE "Id" = 'af1f8d4d-6b2d-413d-8407-9ff99537dad5';

UPDATE "Lancamentos" SET "CreatedAt" = TIMESTAMP '2021-12-07 13:41:35.74375', "DataLiquidacao" = TIMESTAMP '2021-12-07 13:41:35.743399', "DataUltimoStatus" = TIMESTAMP '2021-12-07 13:41:35.743607', "UpdatedAt" = TIMESTAMP '2021-12-07 13:41:35.743752'
WHERE "Id" = '0af820ce-7131-45de-a98d-947f972c2a84';

UPDATE "Lancamentos" SET "CreatedAt" = TIMESTAMP '2021-12-07 13:41:35.743805', "DataLiquidacao" = TIMESTAMP '2021-12-07 13:41:35.74379', "DataUltimoStatus" = TIMESTAMP '2021-12-07 13:41:35.743797', "UpdatedAt" = TIMESTAMP '2021-12-07 13:41:35.743806'
WHERE "Id" = 'f9ccef5e-d217-485f-91de-97cd93efca3a';

INSERT INTO "__EFMigrationsHistory" ("MigrationId", "ProductVersion")
VALUES ('20211207164136_ChangeColaboradoresFieldTipoConta', '3.1.2');

CREATE TYPE instrumento_prisao_tipo_enum AS ENUM ('nenhum', 'nota_culpa', 'mandado_prisao', 'transferencia', 'recaptura', 'medida_disciplinar');

ALTER TABLE "Detentos" ADD "AcaoPenal" character varying(255) NULL;

ALTER TABLE "Detentos" ADD "Artigos" character varying(255) NULL;

ALTER TABLE "Detentos" ADD "Comarca" character varying(255) NULL;

ALTER TABLE "Detentos" ADD "CondenacaoTipo" integer NOT NULL DEFAULT 0;

ALTER TABLE "Detentos" ADD "DataPrevisaoBeneficio" timestamp without time zone NOT NULL DEFAULT TIMESTAMP '0001-01-01 00:00:00';

ALTER TABLE "Detentos" ADD "DataPrisao" timestamp without time zone NOT NULL DEFAULT TIMESTAMP '0001-01-01 00:00:00';

ALTER TABLE "Detentos" ADD "DataProgressao" timestamp without time zone NOT NULL DEFAULT TIMESTAMP '0001-01-01 00:00:00';

ALTER TABLE "Detentos" ADD "DiasMedidaDisciplinar" bigint NOT NULL DEFAULT 0;

ALTER TABLE "Detentos" ADD "InstrumentosPrisao" integer[] NULL;

ALTER TABLE "Detentos" ADD "PenaAno" character varying(4) NULL;

ALTER TABLE "Detentos" ADD "PenaDia" character varying(12) NULL;

ALTER TABLE "Detentos" ADD "PenaMes" character varying(6) NULL;

ALTER TABLE "Detentos" ADD "PrevisaoBeneficioObservacao" character varying(255) NULL;

ALTER TABLE "Detentos" ADD "RevisaoIpenData" timestamp without time zone NOT NULL DEFAULT TIMESTAMP '0001-01-01 00:00:00';

ALTER TABLE "Detentos" ADD "RevisaoIpenObservacao" text NULL;

UPDATE "Colaboradores" SET "CreatedAt" = TIMESTAMP '2021-12-09 16:29:31.579338', "DataUltimaSituacao" = TIMESTAMP '2021-12-09 16:29:31.579318', "TipoConta" = 3, "UpdatedAt" = TIMESTAMP '2021-12-09 16:29:31.579339'
WHERE "Id" = '08adda92-d549-4065-a9c1-14b1adc26ea8';

UPDATE "Colaboradores" SET "CreatedAt" = TIMESTAMP '2021-12-09 16:29:31.579313', "DataUltimaSituacao" = TIMESTAMP '2021-12-09 16:29:31.578773', "TipoConta" = 2, "UpdatedAt" = TIMESTAMP '2021-12-09 16:29:31.579314'
WHERE "Id" = 'a8cf3741-5bad-49ef-9e94-0e2dbb48ab3a';

UPDATE "ContasCorrentes" SET "CreatedAt" = TIMESTAMP '2021-12-09 16:29:31.58308', "DataUltimoStatus" = TIMESTAMP '2021-12-09 16:29:31.583077', "UpdatedAt" = TIMESTAMP '2021-12-09 16:29:31.583081'
WHERE "Id" = '7c656707-a8e5-41ac-be05-4b03ea5c1692';

UPDATE "ContasCorrentes" SET "CreatedAt" = TIMESTAMP '2021-12-09 16:29:31.583006', "DataUltimoStatus" = TIMESTAMP '2021-12-09 16:29:31.582904', "UpdatedAt" = TIMESTAMP '2021-12-09 16:29:31.58301'
WHERE "Id" = 'f2358763-f076-4178-8f40-c24eeadf3e96';

UPDATE "Detentos" SET "CreatedAt" = TIMESTAMP '2021-12-09 16:29:31.564443', "NomeFamiliar" = 'Maria de Lourdes', "UpdatedAt" = TIMESTAMP '2021-12-09 16:29:31.565482'
WHERE "Id" = '12fab6de-0f9a-4667-abdf-fe216bb0441f';

UPDATE "Detentos" SET "CreatedAt" = TIMESTAMP '2021-12-09 16:29:31.565567', "NomeFamiliar" = 'Carlos Amarildo de Souza', "UpdatedAt" = TIMESTAMP '2021-12-09 16:29:31.56557'
WHERE "Id" = '533ef31e-407a-4da2-a416-53a50ec0da0e';

UPDATE "Empresas" SET "CreatedAt" = TIMESTAMP '2021-12-09 16:29:31.569289', "UpdatedAt" = TIMESTAMP '2021-12-09 16:29:31.569292'
WHERE "Id" = '00e08a3e-da29-4493-8786-65c67a98970f';

UPDATE "Empresas" SET "CreatedAt" = TIMESTAMP '2021-12-09 16:29:31.56931', "UpdatedAt" = TIMESTAMP '2021-12-09 16:29:31.56931'
WHERE "Id" = '6ba1a56a-e931-4ccd-baf0-bdf907aa8b61';

UPDATE "EmpresasConvenios" SET "CreatedAt" = TIMESTAMP '2021-12-09 16:29:31.573168', "DataFim" = TIMESTAMP '2021-12-09 16:29:31.57299', "DataInicio" = TIMESTAMP '2021-12-09 16:29:31.572945', "UpdatedAt" = TIMESTAMP '2021-12-09 16:29:31.57317'
WHERE "Id" = '87f95ebb-8ee3-4585-a0a5-dc230d036a18';

UPDATE "EmpresasConvenios" SET "DataFim" = TIMESTAMP '2021-12-09 16:29:31.573175', "DataInicio" = TIMESTAMP '2021-12-09 16:29:31.573174'
WHERE "Id" = 'af1f8d4d-6b2d-413d-8407-9ff99537dad5';

UPDATE "Lancamentos" SET "CreatedAt" = TIMESTAMP '2021-12-09 16:29:31.58575', "DataLiquidacao" = TIMESTAMP '2021-12-09 16:29:31.585444', "DataUltimoStatus" = TIMESTAMP '2021-12-09 16:29:31.58563', "UpdatedAt" = TIMESTAMP '2021-12-09 16:29:31.585751'
WHERE "Id" = '0af820ce-7131-45de-a98d-947f972c2a84';

UPDATE "Lancamentos" SET "CreatedAt" = TIMESTAMP '2021-12-09 16:29:31.585798', "DataLiquidacao" = TIMESTAMP '2021-12-09 16:29:31.585786', "DataUltimoStatus" = TIMESTAMP '2021-12-09 16:29:31.585791', "UpdatedAt" = TIMESTAMP '2021-12-09 16:29:31.585798'
WHERE "Id" = 'f9ccef5e-d217-485f-91de-97cd93efca3a';

INSERT INTO "__EFMigrationsHistory" ("MigrationId", "ProductVersion")
VALUES ('20211209192932_CreateMoreFieldsDetentos', '3.1.2');

ALTER TABLE "Detentos" ALTER COLUMN "InstrumentosPrisao" TYPE integer[];
ALTER TABLE "Detentos" ALTER COLUMN "InstrumentosPrisao" DROP NOT NULL;
ALTER TABLE "Detentos" ALTER COLUMN "InstrumentosPrisao" DROP DEFAULT;

ALTER TABLE "ContaUsuarios" ALTER COLUMN "Setor" TYPE varchar(100);
ALTER TABLE "ContaUsuarios" ALTER COLUMN "Setor" SET NOT NULL;
ALTER TABLE "ContaUsuarios" ALTER COLUMN "Setor" DROP DEFAULT;

ALTER TABLE "ContaUsuarios" ALTER COLUMN "PerfilFoto" TYPE text;
ALTER TABLE "ContaUsuarios" ALTER COLUMN "PerfilFoto" DROP NOT NULL;
ALTER TABLE "ContaUsuarios" ALTER COLUMN "PerfilFoto" DROP DEFAULT;

ALTER TABLE "ContaUsuarios" ALTER COLUMN "Funcao" TYPE varchar(100);
ALTER TABLE "ContaUsuarios" ALTER COLUMN "Funcao" SET NOT NULL;
ALTER TABLE "ContaUsuarios" ALTER COLUMN "Funcao" DROP DEFAULT;

INSERT INTO "AspNetRoles" ("Id", "ConcurrencyStamp", "Name", "NormalizedName")
VALUES ('ba56983e-f96f-4009-afe1-96586b830a93', '729acc13-9d1a-436b-bcea-2d0231b09c38', 'Usuarios_Perfil', 'USUARIOS_PERFIL');

UPDATE "Colaboradores" SET "CreatedAt" = TIMESTAMP '2021-12-13 10:57:56.203815', "DataUltimaSituacao" = TIMESTAMP '2021-12-13 10:57:56.203797', "TipoConta" = 3, "UpdatedAt" = TIMESTAMP '2021-12-13 10:57:56.203815'
WHERE "Id" = '08adda92-d549-4065-a9c1-14b1adc26ea8';

UPDATE "Colaboradores" SET "CreatedAt" = TIMESTAMP '2021-12-13 10:57:56.203791', "DataUltimaSituacao" = TIMESTAMP '2021-12-13 10:57:56.203267', "TipoConta" = 2, "UpdatedAt" = TIMESTAMP '2021-12-13 10:57:56.203792'
WHERE "Id" = 'a8cf3741-5bad-49ef-9e94-0e2dbb48ab3a';

INSERT INTO "ContaUsuarios" ("Id", "CreatedAt", "CreatedBy", "Funcao", "IsDeleted", "Nome", "PerfilFoto", "Setor", "UpdatedAt", "UpdatedBy", "UserId")
VALUES ('cdf3d102-b621-46ff-ae30-bc9bab859ceb', TIMESTAMP '2021-12-13 10:57:56.182163', '1e526008-75f7-4a01-9942-d178f2b38888', 'ARQUITETO_SOFTWARE', FALSE, 'Usuário Master', 'data:image/jpeg;base64,/9j/4AAQSkZJRgABAQAAAQABAAD/4gIoSUNDX1BST0ZJTEUAAQEAAAIYAAAAAAQwAABtbnRyUkdCIFhZWiAAAAAAAAAAAAAAAABhY3NwAAAAAAAAAAAAAAAAAAAAAAAAAAAAAAAAAAAAAQAA9tYAAQAAAADTLQAAAAAAAAAAAAAAAAAAAAAAAAAAAAAAAAAAAAAAAAAAAAAAAAAAAAAAAAAAAAAAAAAAAAlkZXNjAAAA8AAAAHRyWFlaAAABZAAAABRnWFlaAAABeAAAABRiWFlaAAABjAAAABRyVFJDAAABoAAAAChnVFJDAAABoAAAAChiVFJDAAABoAAAACh3dHB0AAAByAAAABRjcHJ0AAAB3AAAADxtbHVjAAAAAAAAAAEAAAAMZW5VUwAAAFgAAAAcAHMAUgBHAEIAAAAAAAAAAAAAAAAAAAAAAAAAAAAAAAAAAAAAAAAAAAAAAAAAAAAAAAAAAAAAAAAAAAAAAAAAAAAAAAAAAAAAAAAAAAAAAAAAAAAAAAAAAFhZWiAAAAAAAABvogAAOPUAAAOQWFlaIAAAAAAAAGKZAAC3hQAAGNpYWVogAAAAAAAAJKAAAA+EAAC2z3BhcmEAAAAAAAQAAAACZmYAAPKnAAANWQAAE9AAAApbAAAAAAAAAABYWVogAAAAAAAA9tYAAQAAAADTLW1sdWMAAAAAAAAAAQAAAAxlblVTAAAAIAAAABwARwBvAG8AZwBsAGUAIABJAG4AYwAuACAAMgAwADEANv/bAEMAAwICAgICAwICAgMDAwMEBgQEBAQECAYGBQYJCAoKCQgJCQoMDwwKCw4LCQkNEQ0ODxAQERAKDBITEhATDxAQEP/bAEMBAwMDBAMECAQECBALCQsQEBAQEBAQEBAQEBAQEBAQEBAQEBAQEBAQEBAQEBAQEBAQEBAQEBAQEBAQEBAQEBAQEP/AABEIAHgAeAMBIgACEQEDEQH/xAAeAAEAAgICAwEAAAAAAAAAAAAABwkGCAMEAQIFCv/EADwQAAIBAwQBAwEEBgcJAAAAAAECAwAEBQYHERIIEyExFAkiQWEVMkJRgZEWI1JxgrHwJGJjcnWDkqHh/8QAGgEAAgMBAQAAAAAAAAAAAAAAAAYCBAUDAf/EACwRAAEEAQMBBgYDAAAAAAAAAAEAAgMRBBIhMQUTQVFxgcEiIzKRsfBCYaH/2gAMAwEAAhEDEQA/ALU6UpQhKUrrZKPIS2FxHibqC2vWicW808Bmijk4PVnjVkLqDwSodSR7dh80IXYPxyK0d0d9qLt7Ju/qHQm5eHTBaZjzE9jg9SWzPND6MZ6K14nHZBIyFhIgKqJVV1ARpW+luZ507jeNGvodBeQW0FtkLK7LXFlqbS920UF9ac8BorS47cSqeBJE1wCpI4LKyO9Z++DaGvdz8/m9uMmL3TOdupMrj0a3MMlpHOxdrSSMk9WhZmi55IYIHUlWFU5sjTWn1V/HxdYOvv4Kv1xGYxOfxdpm8FlLTI4+/hS4tbu0mWaGeJhysiOpKspBBBBIINdyqBtmPInfDx5vvX2m13cWONlm9a5wd4PqcbcMSvYmFuQjMEVTJH1k4HAcCp9f7V/ytkcMNLbaxBf2Uxt5w387sn/3U25UZG6g/CkBoK3ylVubE/azX+QztvgPIfQWNxdneTiMZ/Txl9C0BKhTNaytI5QfeLSLISABxGfmrIIpY5okmidXR1DKynkMD8EH8RXZj2vFtKryRuiNOC96UpU1zSlKUISlKUISlKUIXwtX660bt/jVzOudUYvT+OeQQi8yV0ltbhz8KZHIUE8HgE+/B4rUDyX3z2MikXXW0PmZZaL1lCjoIsRPLm8TlG68L9XZW8c6Bx1VRcCMsF9mD9UC7gayxdzmtO3+Lgw+GzCXNtLFLjMup+kvlZCBDKwSTojEgMxik+7z9w1Vl5S+MOjtGR3mpRsbuZoGVfUnmk08ltqbTfVflxM00E9qrMR7yheB+rEOOK4TlwGwVnGaxztzShnfTy/3O8h9LYfRW4+K01kTpy9ee11Fa417a9uOUZHB5cKscn3GKrDGSY4+QOOKhOuA/XMw49GNR+J5cn/Liuest7i42VtMaGCmhKUriikushfQYfB2Nxk8ldyCG3tLWJpZJJD7BVVQSx/IAmogE8KRNLlqetmfN7yI2Vks7TD63uM5g7RUiGFzrNeWwhROiRxsx9WBVHHVYnVQVHII9j2tNfZ5bo6p0sM3qvc2DTGYlDvDh47Ezoi8DqJZklXqxPPICydRx7kkqIF3d2I3w8eLuK61nZfV4ieQRQ5Szma5sZX4DdCzAPE3yAHVC3VuvYAmpQyRvdpjkGrw/eVzna9rbljOn9+yu68YPL/bbycxM0eC74bVGPhWbI4C7lDTRoeAZYXAAnhDHr3ABUle6p3TtO9fna2x3I1DoXUuE3J0Nk5cdl8TcLdW0yEjqw9njce3ZGBZGU+zKzA8g1fxtNuBYbq7aaZ3HxsKww6ixdvfmASep6EjoDJCW4HYo/ZCeB7qa0seYyW13IWTkwCKnM4Ky2lKVZVRKUpQhKUpQhK4btnS1meMcusbFRxz78e1c1eG+DQhfng0TovK7gatxWi8FGDe5W4W3jJ7dY1+WkbryeiKGZiAeAp9q3eu/AvZ26S3WPOassmhhSKQ217ARM6qAZD6sL8FiCSAQOT7AD2qOPAPREN7qDUO4VzbMUxtvHjrFmjBT1JT2lKk+4dURB7fszH99bscjkjn3FJuZkvbJoYapOuNA1zNThytabb7P/ZWK7juL3PayyMKnl7a5yECxSD9zelAjcf3EGpl2+2c2w2rgeHQOi8diXkUpJcIhkuZEJDdWnkLSMvIB6liBwOBWZUqk/IlkFOcaVlsMbDbQlfO1Dp7Caswd7pvUmMgyOMyMLW91azr2SRD8g/5gj3BAI9xX0a8VxBrcLoRexVTe7Gz9zsNupnNvBcS3GKdY8rhZ5ipklspSyjtx+0jI0ZPA5KFgAGFWxfZiawOpfFmxwzQGNtK5rIYjuTyZQzrdhvy4+r6/wCCtZ/ObbS21Foe03KW69K50kjweksYJuI7qe3T3Pz9wpyP+Zv31OH2TFtJH4+6lumDBZtYXIUEexC2Vn7j+JI/hTZ02c5BDzzW6WepQCFhb3Xst26UpWysNKUpQhKUpQhKwrebdPD7KbZZ7c/P42/yFhgYEmmt7FUM7hpFjHXuyr7FwTyfgHjk+xzWo73/AMLa5/azMY3IWMF7Zv6JubWeISxTx+qoKujAhl9weCOPu1zmk7KNz6uha6Qx9rI1l1ZpVQ+Js29msdI5bb/bfIY7SunEunuMnqKa1ee7WeWMJ6duO4Qt0jjJHsV/W7gsgOVZnwPuvqZtQ57yCkW4kk9We+vMPy7SE/rNI10CST+JNZd4HXFlabeZ7TsXcXEeUiypDLwDDcWsSKwP4j1Ladf8FSbvZsdpncjbO7xmEsIV11+kkv4s5lz9X6sIaTm0UsD9LCqyghIV6u0S9xyzPSvLkachzWEMHkDfqbTSyG4GlwLz/RIr0CgfMePHlDpO0TKbb79XupLS0h9aG2fJXNs83HuEjiZ5IG5/Ds4FZlp3zN2xsNo8ZnMtn77N6qS2jtZ8ULUR3l1fAAMeFHprGSewcEjr7cF/uVn+lNvNFbB7NS5j9IXeMzOGuLvJ5GaOVZ7SfHdywtZVCwi4nESr1nEUbiUgDtFzE8RxeIGk8Rsta6lx+CyJ3Ix2Mjzay/VPK8mRRBMbURKfSKmQGMcL2+PvE+5Lgk2nIO4otFeYPltwvPnsHyARsbDt/Ijz35Xudq/K3VGN/TO6fkNBouxigE7/AEDqkltz8rM0HoRe3wSJGH518Cy8SX3HuTmrHyz/AKVXNk4/2uGAXrwP8j74u2Kn29vcVshn9B7f7z7aZa5yMk+VutRQWd7p+/bj0bC3V4pljgjYEQvMqMj3PDyBZmHUooiPT2b2X01obbWTAa3wOKy+q5L36i2zdjGLO4xcSQwwRxw3MCRTOzRwBpWPQSM7eosnLtJAT6W/WGnwDRsfDi1MxanfQ4jx1H77GlrZvHrLePYjSV/tRujNba901qfH3dvh8+8jxX0UvC8CbsX7emxVwrckhxxKQpRbCvAnSsGkvFDQNvHGolydlJl5n6BTI1zM8qk8E8kRtGvP4hR8fFas+VcFjm8RjdN3uJivRBjNQ6hkMsSukUdrip4lbg/DCe8t2U/gyAj3ArZnwQS8GxWCd2Is/wBFYxYU/ASC0TuePzBj/lWl0ydh0jT8Trsjjv7vRZ3U4Xhrjq+FtUDz3d/qtjqUpW6sFKUpQhKUpQhK6Gexa5vCX+HeT0xe20tv3456d1I7cflzzXfrwfivCA4UV6CWmwqsvH3RGo22t0nrPQOZtLPVmCW/wWUsciXaxyNst/O4t5+nLRSRmTvHKgJHdlZXVuBI024e/wDDdvaDx0tpgr9FuYtZ23oMP7XLRCQD/t8/lWK7Qaik0b5IbybJZS2+ijbVGRzmHhYBf6p5zyoJPJ7QNbuoA/VVzWwVJWS4xSuZI0Hwu/YhOuO3tYw9jiL8K9wVGlrojXuscxbZrdjK4yHG4y6S8sNN4RpHtmlQ9opbu4kVXuGRuCECJGGRGIYgcSRDGYoY4ieSqhT/AAFJFduvU/DAkH8R/r3/AIV6h5vTLGDh+eOvb2/v5/8AlU3yF/PCtMYGcKNH0Jr3QGUur7aTIYq6wd/dPeXOmMzJJFDbyv2aVrG5jV2gDuQxiZHjDM5XpyRXXt9wt/7m7jtG8drW1Dv1a5uNZW3oIP7R9OJpCP7k5/KpVQN7syhSeOQDz78f6/lXvUxNf1tBP937EKHY19DiPt7gqCNf6TyWB263H3N3MzNhdakyulrnDRLYxlLPGWzRsqW0Bf8ArHLzOGeR+Cx6AKgUCt0vFrR99obYDQ2n8taC3yMWEs2vI/xEvooOD+YUKD+YrTfyNyGP1dd6N8eYb4rkdxdQY2yu1hUPLa476pC9x1+Rw6r159iEk/smrG0VUQIoAAHAA/CmLo0ZeDM7yCX+syBmmFvmV7UpSt1YSUpShCUpShCUpShCrC+0s201btdvRgvJfQs1xZJmkhtbq+gJY2+Tgj9NO4I69JbZUUIeQ3pShhweDhOM878ll9PWWHttGWUGsby7hs1uLidhilD8D12APqj7x49Pn2B7eoeOpta1fpDTWvtNZHR+sMNbZXD5WA293aXC8pIh9/w91IIBDAhlYAgggGqcfMLw01T416hfN4ZbrLaByE3GPyjANJaO3JFtc8ccOOPuvwFce44PKrkZ2EyQ9oRf7+FtdPzS1vZXRWxuR273gzVu51rvtkbI3SB1stMY2KxitpOPdVuW7TSIPw54J/KsRxmwW4EORMuX8ldwrqy+Vht8jNDID+btLIp/8K+btB5r6Lymn7fC7wPNjctaxdJMils01tedeAHKxgvHIeTyAvTkEgryEHbufMnbeHcuHSdrgkuNNyzwwnUf18iIgdFJcwNF26q56nlh7An8qXtGS0loH+BMAfAQCT/pWdQaE3ww8f1eh97DlYbdesWL1ViY50mf/iXcHWbgfPsOaivXXnNfYHGS6exug/ptZWc01lkhdz+pZWdxFKUbp14ebnq3senUke78HmVddeVmy2hsXO9jqi0z9/HF2trDEt6wmbngAzKDEg9+SS3PAPAY8A6v7FeK+8Hl5rHJ6ttbeLCYG+yMt3lNQXULC2WWWUvJHbR8gzyDlj0BCrwA7p2XmxiYzsg/Mb5bUuGVkNgFtd7qXPs3dGaq3j8kMpvnrK9ucgNJ2jzPeSsoEt/dRtBFH1446LCZ2AQAIUjAABAq1isB2Q2U0RsDt/Z7eaEtHjs7dmnuLmYhp725YAPPMwADOQqj4ACqqgAKBWfU1QRdiwNSnkzdvIXJSlK7LglKUoQlKUoQlKUoQlR9vxirDL7X5i1yNlDdw8RdopkDoytIqMGU+xBRmBB+QTUg1hu8Eqw7cZp3HIMcafxaVAP86r5QBgffgfwrGKSJ2EeI/Kqr3W8MTd3kua2qv7e3STl3xN67BVPBJ9GXg/J6gI/sPc9+OAIhHixvwX6f0Dbn/qVnx/P1eKsJpSkzMlYK5Tk7Fjcb4WqG2fhU0dzFlN08vFLEhDjF4524f4PEs3AI/aBVB+4h/wAKtg2swmJ07txpvEYPH29jZQYy3MVvbxhI4+yBiFUewHLH2FanVtzt3dwXuhMDNbv2VbCGIn/eRQjD+DKRWp0iV0szi893usjrMbYoWho7/ZZFSlKYUuJSlKEJSlKEJSlKEJSlKELwSB8moY3s3Hwd3h7jR2Iuhd3MsqC5eP3jjVGDde34t2C+w544PJBHFKVldXnfDDpb/LZa3R4GTTanfx3CgylKUqJtSph2k3cxOn8XBpTUMb28ETuYLxR2RQzFiHA9x94n3HPz7gcc0pVjGyH40muNV8rHZlR6JOFOtrdW17bx3dncRzwyqHjkjcMrqfggj2IrlpSnZh1NBKRXDS4gJSlKkvEpSlCF/9k=', 'TECNOLOGIA_INFORMACAO', TIMESTAMP '2021-12-13 10:57:56.183223', '1e526008-75f7-4a01-9942-d178f2b38888', '1e526008-75f7-4a01-9942-d178f2b38888');
INSERT INTO "ContaUsuarios" ("Id", "CreatedAt", "CreatedBy", "Funcao", "IsDeleted", "Nome", "PerfilFoto", "Setor", "UpdatedAt", "UpdatedBy", "UserId")
VALUES ('4ec0a5df-0807-468b-a874-5c8017d6e737', TIMESTAMP '2021-12-13 10:57:56.183339', '1e526008-75f7-4a01-9942-d178f2b38888', 'CHEFE_PECULIO', FALSE, 'Usuário Administrador', 'data:image/png;base64,iVBORw0KGgoAAAANSUhEUgAAAHgAAAB4CAYAAAA5ZDbSAAAAAXNSR0IArs4c6QAAIABJREFUeF7tXQeYFFW2/qur03RPHmCAgQFERQEJg2FN64o8XRUWRV0lrBEFQYmKSJ4ZYBAFxYBgQpLIW0EBXdZd1rgmwpBcEQxkhok9sbunQ9X7TlVXp+mequo04z7u9ynQdeP577n3nHPPPZfhOI63WCzwTxkZGQH/Dv6enp4OhmG8eXieR3V1tao6gtug8lSPlPR6Pcxmc7P9kOtn8Her1YrGxkZvnTQGGot/UkuLtLQ0aDSaqOqQo4VOp0NycnJEbTCVlZW8WkLV1NSA4zhvgzRAGmg0hArug9PpRH19fVSTJhgsmjA0cWLZz9raWrjd7phOmmBauFwu1NXVRUSLcwCrXL2CiX8OYM+8U7tKnONgH8Oe42CFk6i5JZp2f5IqaCLSn9K/q2Q4vNVzcGsVsgwGA0wmk+L9kuHdsFeWQetsRMPRI6j66T9AdQV0dZWA3Q7GZQfvdILR6cCzBrgNRrhTMqHt0Akdeg+ArntPQKdHbW0DXIxPaJJbeVq9kNVaAZaTok0uO3Slv+L0P7cBp35BktMGRuC7UEniSf9vEo8G/saBgdVgAjqch/bXDIIx71rwWoOHv4Fgwe0cwB76yakfsmoSz8F2+AAqP3gLmtKT0LsdwlIa70TTwMHqweZegHYjH0Od1gy3oCKKrZ8DWDXARDhOUGeSzclAXRkOPTsTbarPCDUlAtTgScMzAONZHDgGKE/vhB6jp6E2OdMDsA9wKis3meW+B0/2qPTg6upqPliJDtY/g783NDQEGCVIDw7eL+XqCP5OApBkPGF4HvXbVqPu860wuJ1+9G661PIMD4YQSEjya59hYGP1SB14GzS/vw2SVYDGEGygiYYWNCzSs202W8AIlWLWqvRgxu3AmdeKwP64GyzvM6Qowc63o4bab0PVELgH+3Opkvb887gZDZw9r0DGnQ/DwRqito79xg0dIgCkfkh8p+ecqN+yCuz+L7xLoVoih1pW67RGVEOP0norqhsaYOMYpLAapJqT0M6kRwZcMLsaY7bs05Rx5Q1Eh3sngtNovfXKLcly33+zejBJvdrvPoZ1+zuqOTaUPNyo0eJruxbb//Mr6hkdeD97edMJI3IwAw7JvBtDe5+HS/UOGDiXUE7acyOZaC6GRcaoCdBfNkgoLgeg3PeoAK6qquKDDe7BBwfB30m5D7ZFp6amBtBCrg6+5ARKFk+Ewe2IhIbeMrS0lumTsWjnL7CD9Fcl+3Hg8kz7Ji9sCRokM05MzuuO9u4GaMJpXSF63HSJ52HTGtG5aDUsNp+tmoqqpTcBHLyPK62DSaQeTKdFGjCoW78EST/tE0RTpZwSrLUSQc/qUrD4uyOwa3RRTZImyzuAJN6JqZddgE5O8cAjlNbcfKPiVkTlnH2vRceHpnu1dIulKmAixvU0KZEAmxvrUbZ4EpJc9qgAcWpYPH+4HEetZJYgIirh2siazNFymHZJB+h4lyppPXhC2HRJAjfzerPskh1TNSkxAPOw7/wE9euWRg1Fud6EebuOggMbGWIRlNKAx9z+ndGOi25i0iaQMakIdRmd/ns4mDjsxLIZSPrlgGdJjpzbftKY8MK+E+BU7I0R4Bm6CO/GEwO6obvbGsFy7auSut5wQR7SRk3xLtlxXaLjeeDP8m5ULZmKlLqKKOgs7mU77SxWHS6Nop7Ii/pr1g9c0BaXmaLfFOqzctB1zkpBYpeToqM5Oo2boaOhshyVReNhdjRERFmJSYm4h1kzXig+5lnW1Is7EXWgmUKTLumAHhp/C5u6FqQR1CWlolvRelhqaryCHP2l1Rs6GLcLp574M4xun/+TOhL4pNYarRFP7zkZV0FKad9858Q8nhnQCaluR4DJVmk9vnwMrPokpM1YDjej9f7cSgEm5zUejNvpATc6/ZZG69ZoMLH4LMgU2DqSb7HW8W680L+9R1eOTiiwavXImPU6nAwrqI3pmYFOj1EZOmInRddAy7tQvWAsTM5Aw3ik4Cw5XIGfoxNcI21aUblLzAzGnZ8VldAlNdSgNyH32Y0Ao0F1dY3H8CJ+jeo0KVYA11gsqF38GMxWcn9FgFutImoFZarUJWHW7hMKLVORtBBtGXEnfebSzkiNckKTRZVo1pDWDl0K3oKlRqShlFoFwMeKHkfq2aOePik90QkksiR80J/T951BLRPo4hotJPEon8bZsag/6bWxSfYL85A8aio4P4R1Oj2SkyPzEY+JqbLhsy2wb37NO0JSIsK7z8gToloQrE77GQij2+PkW4wux+K8HKREIVBKrQvH2jxguGMMXH2uFQQ4spPLuS9R+XC+Y1GpSUT21Noy1CwRlXbJhBGtIrPgSBVO2dSdB0cHUXSlz0/WY2r3wMOWyGoUKUf/b7t4A3ijWKfb5UJtYh3fq8FxPLScG/WFD0HPuSIbT1ApwXzAMBi/9yz4ViM5UyfDT1niMjKavtS/HTT+G2eUFGlkdchZugk8wyIqKToaS5blpaeQWnFaYF2lp0Jy4/5Zl4bn9vwSs/rk2mvuu+QOdPtN1+D9j//dbFUzLuuGzo7A6yXRtE1l6zv1QJdpS1sGYMOvB9CwalG0YwgoT3yy9HA5frZHbq+OaYcAjLt3MPpc0BGPzV0BFxdKHxe5u3+6Do90CbyfFV1fxHrTn3oBfLuuqIvwnpYgZMkdzvt/p2U0Iy0VZZOHguUCD7KjGxBAHDNxbymcfladaOtUU552P/KaFDw9eODBe27E5b26CUu03a3BpHkrwi7XRt6FpX2zo1YPff0VJS4nq0Nq4VqYklOET5J+ohSziKToqpdnIr38uBraKcpL57wT9p715G05LqZ99dF7h6DfhR29/abezF66GmWW8ObXF/tnC3JJrHtuv/hy5Dw6N4CGcgcU0nfVAKfYa1FdNC7mg6DeN2iNeGLPKUWTIX6ZeORPvQ/Z6caQTYyfuxJukc2bpKV5HZEUpQtSqHrpxKntkk2eGxZijrgBTOASyLGepdTpKl0SZu4+GT/smqmZdFAtOLyUPw4aJpSKJu6JbrAYP3t5SAvbogGdkeaKjZnW/zSNul1jzsJ5Rau9q5tigB0OB2+3Bxp8jUb/2cvAbhc7bagpRe0zE+IGQLnejDm7Yr/0h+QKf72dAXp174AJ9w1RNLafTlZhyWvvBeQlg8SCvE7IiBHAoTqSNX8NXCZRkGseM993WUMHcWq6J6TDiSf+HPH5rhLKlWjNKNiTGICl/rAMh6Vzx8HAksAovy5JzrZf7T2MtZs/g7835fy8zshyx4aDQ9GrJikNGdNfET7J3XqUvssCLFXGWC0onz7KZ62Koe4rDeaM1ozCBAFMy/DUMXeje07g0ZxSKzoB/eG/duKjz/Z5QY43wLyGQdr05ag3pMQW4MyMDBwtGIuUivjuj6dZE+YX0wkSpdDWI58zajhua2o0lWy6VKue5TB5zD3o1sE/+IoyWANzif9a9d4OfLf/V6HH8QVYHFd1+/OR9eg876oqMUe4PVkRB2emmlA+ZVjcrUsl2mQU7jmGJKMWnNsFu9PnEisZ4qV7Zm43L5y4aDUMGPpP0F1D+0qxDI+BV/XB7X+8FhqEN6uS17abh+DU12B3oM5mh1GnRZLRAL2WhYbhwdKtB4+7nPTn5MLXYXPwcQbYN+1Nc1fBlNUuYBUPC7CS8+CT61+G6bvtSrbRqPIQwAV7juH52Y/gvY8/x9INO+DyuzlIxgcNOMGYQGeoRGqR10WwRS9pBjpwSDHqUTDtMfTv3gYmA6D1u8xGHiL1jcCPR09i4Ytv4ky1DXZOJ1yf0TBuGHQsdCxLtcLl5uF2c3ByPFwgtxqxTfq/QeNG0YThuKp/b0wpfC0hAAttD30QTN7AAFqHPU2SBZgBSicMCSBQVCg2U1jg4OKjeLVgDOYu/ys2f3nQS8xty2chN8Mg3CUiTuPomopHl2DohoQALQ8Xo0VJdQNGTchHlcPn5ySU4DlwjKespx8dUxisem4W2qUaBDWpuUQt/Fphw22PL/RuIA/e+jtMGnUrxs1egYL+ndEmSt9pJbSlG4zGOW/GBmDGXouKacOVtBt1HgL4a6MZd/7xakx5djX+WfyLUOeahY+jf7e2nvqV7ZeU2QEWV46YDgff1EleDye+27AYWqg3t+7Y+ysmL35b6M+d1/XB3LF34u1N/8Jg1oGsOKpJEoFpUUuZ+QasOp86GzEHn35+OoxHRU6KdyKAMwffDKPWjUbocOnwpwWu3P9uocr93ydoFf9ShvtmvdxEaNvxxjxkm9U784lXZTToM3ymsGYUbyiCDi5YnQysH/4trmqSP/0be1+FpLvGeX9SeeAvXo4iXmkoeBDGOJjfQk2WEq0JHW+7WQjhQO33u2cGtCywe/3CiOYW9f/vu37CE0vX4oEhV2PiyFsx5+UN2Prvg9i8bDrOzzapnDi+buSNmAGOZ7BvwwLvylK++UPPEi2vT0c0IL9CVrq5uHST9xdVUrR0OdvsbEDt/DEK1P9ouyuWL9UZ0H7ord7KBox4GnoW+GZtUcQNTHr2bXxW/BP2vjPfe9LTd8QsDL26FwrGR7r18Lhi5CxoWAbfrJnv7Vvl+x8iM0HMIHh9kH3as0yrAljKrD/wJeybVkZMXLUFLQYDMof4AL763hmCd+HXa4lLIuOKy0fMwF03Xokn7/eZIWe//C7+8e1B7Fy3IGzgJbm+XzFqFtqlmbHtlae9WWu3foQUR+TO/nJtBn/PmLYUmk49hJ8jArh0yVS0rU3cfaBaUxLSbqElWkz5r2/F9i++wbdraYlWDzC5/fS5ZxaK3y2CjvddNWlws/jdqJk4IOztkTn0XT5yFkYOHYiJf/apK3XbPkKyXzRbtYCpyU+9Ls3KRa+5rzYPcDg1iQZeNmlITP2M5AZgMRiROeQWb7YTNU78acxc7HtXzR7sE7DO1NgxdFwhdq2X9km/PXT4TPzzzXxkmXyqlFz/6Lskw/cbPhNfrHsWqazvBkfNlo+Q6kwEB4u9oJsf+rlrhFVItRRNEW8qJt+uZMwxy0N7cIfbBnvv+5Dhou/wOdi3oRCsjI4aqhO3PLYIE+67A3+87IImnzd+uh8bt+3A5qVTVfefjgz7DZ+B799dCJ73qVlV73+IjATtwdRpAtYwdzVcGjYCgOsqUDHzPtWDj6bAWW0SOghStC/1HT4Ly2ePxdU9lTmXSxzW4NbiqlFPCVJuuMW9z/BZ+Hb9Ipg0yrxCpbo3f3EA81f8L4rfKQzYOirf/xsy3Ym7a0MWPdP05bAZwx8+hPXoKPvnRrDb1kSDl+qypAe3G3oztIyPKzbu2I1n39qMXRuKQuyXoQ8kOEaLvHumY/2iiejVRTKQBHeHwbc/Hsej+SuxZ0ORYBsLTOE8vRnkjZyBoomjcNPlF3uLuHgtqj/4EFluq+pxqy3g3zP93ePg6nlVeA4OF2XH9uZ86I8fUtt2VPkJYNeVVyI329/BjMFlo2Yg1WTE9pVzofd4W/gGGQiyxcbjDw/MwsPDrsf4Pw9qVjQjjpz/5hb8dcdOfLWuCGY2vCcH7b4OjsHAh+YIbqzfrlsgXijyGC2LD51E7uHvE2LJ8ieytu9VSHtoZpMnFaQoPCFPk6qqqtCwcAxMjvjPRv/OEsDLfjiOZ2aM9vwsLYoMxha+jq9/OAGGcaNLRhKuvqwfLuvXC40OJ2x2Kw7+8BO2frlP8Jdav2Q6endMUawCfXXoNMblr4Re48LQ6wegZ4/zYTQYYDDosbP4IP69az9O1dBdYAbX9euGl556sMlEfmL+Skzv3QVZrsTSrM6Uhq6L3lGvJtkKHow6hpVadj7DmlFYfAyvFo4NebeJTIQ2ToPT5dX49KtdOHn6LE6cLkG7Npm49nd5+MPl/ZCiFw8dlCX/dYBBrYPBp9/uxRff7EFVTTVyczoiN6cDBl5zBdpnpiCJdQmRuPwfDxGPMRk8OnsF5vfPRRYXP4+OUGNq0BnReckmVIcJXB72PLgx/37oYnQlRRmxATJVksvOjPF3I7d94GsoSutIdD4C+8iJMjz/xhYsyOuMzDi67IQam53VI+f598NzsNVqbTLd6dy15um7wPq9rJIIwlXoTJi9+wR0LIeX5o1NRJMxaWP83BVwcxoU5XVGeoIBJhUpbdHGsIagkFJ0Znp6wo0cROkGrR5Ti88IBwDPzHgYaUnqrVehEJMutQXcquZFx4Fok6XBjacXiWezz+d1gDEg/HG0tcuXJ+cF/bzVSM/IDMjcrOM7AVw+cYiKvUy+I0pyiDcbRNOoVsPhlYJHhf1O7jqq9J32Q4ovSf+mQGnbP9uFjz7dCY7TBHg/ivXzGHrTlbjhqn6gQGeRxMuj9sbPfhWc57yZbhhqOXJIiMSwqoRCTfNwDAPdvDWRADw4AutvZJ2USpEQNWFfCShaK5Hoxmt6Y9hNVwp3ltQE/Z7/0js4VRb4qFbonolQnJ/bBk88PExF58Vy697/BP8u/lkoR0FZlvXLTjzNGAbaeWvDOuGFvHyWkZaG8omJB5gIVXCgBCW8L7ho0fQHkWFWZi8+a7GiYMla0KxWl0TJu+jph5FuUhIikcHp8loUvrjB28wFRh5TeoQzqqjrjZrcdK1Fm78ubATbkFI0BVRxzP2LsHQlMlFrB9kUvFpMsT6ktnnMmXQvOmYFPrHj3y83r0H+C6tRVtWcihLK1afpYtopOwVPPzayWdv3sZIaLFr+bsBC/HjfXPSELaKlPhoa01W37Be3ocoS+u3IkABXV1ngzP9LQk+SpEE6NVpM3FvSJPBZspHB1HF/QYpRJ7jVkhHpbFU9li5fB6twEtgc1xKQggYbRMtwuyWP5CQWU8aMQruMJOF2u73RjVqrE8++sho2R2BbxP3L+mdDl2CtgwZDQlb2sq0qAbZY0DjvPiHuVeLEBR/tJ+8vhR2sZ+8lO4IvAns4E6WvtFfk8rgdkSssD5YVXW3Je9bN8SCuDx1VJBj0YM5v2gMT78CSfjkhJlA0vKmsLDFE+xe2qLdk2fPvj1nsDWVd9eX6rI7Hxl8r1RYLyH/dFT1x163XBRxcBFfo4lm8/dft2H2Q4mAqSYGTRyrx0MUdMcDgEBYI0ZMtcVubXWtAztLN4QEOd+B/esodMEYZuFsJyULladToMGlvifiJlGKVz+YYdTxemDOm2eb9+XRC/ko4XGoFM1/1knoU6XijKUcR8lJmvqb+PPjU9BFIsopRUBOVRKKLjqkvHinHjzaJ6Oo1y749cjB6xFDomjnrdfJavPTGRhw5Eflq0SuJw/gL2yVcPZIwqU3NQvrUZeoBrnhjIZgDXyUKW6Ed/6uY9CTOkxTKUKOJ2LVV6jzdR9JoGLAaRgj/5OJoEVX6gEfzJFgyIAcmVyLcdEL3Q3P5/wC33qce4Lpdn8Cx9rkWEbIEsOms9mAJznCxfXAjljO2u96NJy7OjujJjlj1w/TAdNi79lYf6c7UWI/6hS1r8LezWkwupqAs6pfoWBHQvx7/B0DIKXFZXnvoYhxpSGm/JYq0WbIZvM6gXorWcU7Y8x9osb1FGuiWMhv+XhJZ1HilxIok333nt8HvAuODRlJNVGUoFkzbF7YCDKseYJqttoIHoHcrc0iLqqfNFCaz45N7T8PaKiLPinyTzDuxuH9Hv8P/RK8w4lri0OrQcekHAvUicHznUfnmM8g48X28sFNcb73WgGl7TrWSsP4cnhvQCSYXmc8Sp++GIlZtz6vQbezM5gFu7n6w++hBVD8/XTEQsc7ozxc7HTqsOlTiDbEb67aU1jexXy4u4hPrdxWubxlTnkVNWgfhs2rHdypE7y+UT7ktajVFKfGay0fnPatO1GJXM5HmYtFOc3VcmWXAvZ1Ej8+WTrR1GeesgksjnrRFBDAVPPHEXZ7QSZFbemJFDBrUnP0lqOR9x4fxNgxK9XfWc5jeM7tFDmBC0c8/pFJUAHOfb4ZlU2C4gFgBFmk90/eXoMYvXkak9Sgrx6OdxoX8S8SlsLWk1DseQX2f33u7E5aDa2pq+ODn2a1W3x6j5VxomO2Lj9UaBuhmGOTvP4NyP8eAePWro8aBmX1yWg3n0jhpJWvz3PvgNL4IBf6YUR4JU0VhlGzzH4YhypdFYg0ADfLVo7X4vobMhNJCGgt1xVMHw6NfRhIeyU2J+IpprMcs1ddgSkPuoncCqo9ATRLLk9NbpuU0KpZNb3GjRyiCfePQY82hM1HSMnhi8BjdqxMGaFvOxtzcgJIfLYDh4gGxAZhqyUxLEwOAUwijllX9PIMKFK1qtEmYvecYnFE8OSvVaIALhQO6IoWOSiM4qoxypskWJw8O49zVSM3MDDDghuVgJU+8Z6Sn48yqxdDv/Vy2Ay2VgZbsz+16bPrxJNyCjck/yS/d9KDGyN6dcaXW3ipXKu9ofj8U7KC7kJ4eGGMzXAR4xQHBDW4HGgpHC8HEhKW7xc6Zmp9C5On/UUUj/n7SEtTD8P5XN+dm4uYsfYsdHChlCjfDIvv5TeA1uvgEBK9/vQCmU0eU9idh+YIdaczXXANr+2xUVFux6r2PcexEqRCDUtLkNQxwXpf2eGj4LUgz6WAsK4f9iy8T1t9IG3L2GIDs8QXCOBQHBJcNZehXmd7tAN06bHmTR3gS0VKtvXOYqmdfaTzu9zaL3iSCk32kEMSxHKlGz28BrxH9tuMCMFVcueoZpB8/2DqJQDpi3z7QnN9d9b0j9vhJuHbtiiNC0VVd2+dadBvtOxdQDLDah7Ho8eeyKcOg8Qs+El3XY1faodXAeNvQiE6diIttH2yBwaU+dmXsRuCryX/bIXuzec6bQqBV6QQr5hHf/Qdh+2QTrB+8FY9xRVynYHwfORZOe2RxvcgfzGDOhX31slZn2Ei570nUn9c3YGuMK8A1NTWoLxwNoyfEg7+zXMQIRVxQnOu64VNgvfBy6Dk73D9uB+sX+Cx01T5d2qUxgL3oZjgZPZJ+3g3XevJFa/lEI7OZ09GhcDXqEvs4ZQ2S7HWoXTimRfdiaRmr7/MHGG4f61HdxF+15d+DKTskcwWWATr2hyOje4BK5dz2OpKK/9XCwqQY1bbt0k2CAUcNwIL1MVO8L6xYD/afz9LyUP33DXD/bV2LTnV+0N1wXe0fsI0AFu8hsVwjXEd2wCCENgoUje1sCnQ9BsHN+Lw2/TVlw7cfgvt4bYtq+4Zhj8DZ9/ct+cQ7j2NPjUSKLXEO8hIILo0GSSOfgvW8vrITzNBwBu7jX3sivrPQdrsG9iRyd20u8TAc2Qnnu8uEUP+hL63INh1xBos5HVnTKM41WhJgWgJcKJ18u0AEMcXLxuXbMy3GVFhH5aNNx44go4Wcb5TwxgPnRsOv38Hc/QrxOQAZcGmZp3jQ1aeOw7i+EGmN9HRsYvRkulBmmvOWcHOwxQEWiFtnQeWse8Wre55dLx7GEArxYB82CaVZF4i3IAB0yVYejeeSXn1w8D8HFHPVsVLxzi3Zqduc+R7mj1YIj0/GawpTvTSuzKdfRa0h2bs9tNgT7xKlNBoN0k4eROVrUuDu2DvSVOZeAsvN44SrpOJCIb7MpWMY5LQL/W6vGHdDzH/7bcPw85GfMHDQQCx7cZksyKfKauAKOjojO3zy5iVoV/GzqpASso15MpCql3n/NLD9fZ4a9MnlcqOurjagmrirSZzfZWcB4LQ0lG58Bdqv/ubXkciA9le7HBot5pxNwdV3PYCLLr4wJK06tEmDgQ2/ZlDowf5987xlD3y/P8DS5c+R9Hdrowvl1fUhTwt37t6DEzu24MnMKpC3Syw3Jeb6u8D8YWgTB7oWe+I9gIPTiIt4lLyaD/0hf5OfWpB95K43puLRX4xwMCxGDR8eFmDqR5fsjLAqUb8+/YS3j6SUlGTCzt3fhpwsxPPHS+kkKnQigLdu/RBJvAOvdLPBHGW4R0m2b+xzLUx3iFde6a1I/+naSgCmvZDu8vI4vngKkk+rP3Xy56SKrC6ovvMpzJxbKAx2pAzA4fbjkrNluPGGQQFo0WHCN7t3wUwvZvkl0h9PlNU0686+a/cebNn6oVBqYf5spL0zD1l1ZVHpzPVdeiL1wRnentBTgv5KXVQAq33inXpBy7F/EDEiDFm3pETELl9ZiIzTP8puP6FCJFXkXIzqwROE/XbWnHxB2Bg1/J5mOZhASzbpkZUqvqQi3Rk/WlqDjWvexjur3vT+9vjUabjxlsHo2p5WHQrtwAinT6VVdbA5m7dFSxxMA5tfMEdoK33TM2hbeVzVCZZEmLoLL0XXx2iMvkS09I+HqdPpYDYHXoSK6xPvFKo2GODgBkkIKHl9IfQH5e8Y+ziXR2mb7qi740nBc5AmiggwZJdoaTPMzc4QYnJQKrXUw+ZwCX0dMvA68PR0HavF1h2fCgRMNurRJk2M3uPmGZwsC780S+QPBFh8dp1uGmasm4OshnLZCS1loItj3KWDYBh8f5MYV0TLYICTk0mq9iXFp0lqzoOl6pUCTPltX26D9a8rFF05sSRloPLehT5JOQKAhaW6fbrwjuEJv730TzcQwDwYjQZbd3zmpRSpWTSVjjWz7/oT1h/gwoJ53n2fJOy2bz+FVEFflk/0qBU9bkUpWCL+jQBMe7IoKnBnj6Ji0QTBkhTuMN3BanFq9DKQW4p/UsXBnoJ0k5/n6GlJMRGHDb7hOulf2PaJz7dMEr7J40OJghuKg6X+kltTpzcmed2aQsFMFrg2k59Dbarv9dC4Aux0OvlwTtNSB+W+E2fYbIFByIKd6d111SidT0HGA/NJwkT1XwpRYW4aKS4SgEMRdshAn2657ZMv5FksTI7mAKYi7epLkbpuboDQJal9DcZkdF64BnW2Rq9+TmWau3hA31mWhcEQKBDKYSJ9V+T4HjzDSAgIpQfL7RF0q/XkigVI+uGbAPJVXnwNqq4bFZKkvxWA/TWA9O0r0Pb4PmE80u/2/tcjeeiDgmyh1EghESQqKVqtRwc1GinAUoe5ipMoWfC/L5g2AAADqElEQVS4EHrXqjXgzEMvBOy70S7RwTOFlus/DZKWaCAeHCycYXmkdw3HofMbE6Dn3GjU6tB20mLUp7TxdksE2Dcl5ASm3xzANNLaqkrUvbcC1t7XozK9s2evbBoSKxYc3Giz485bb/QSeMs/PoFGqyzAafBkkVuipfxZpYeRfvYQ2g1/LGyYQSnvfyXAFiF4prgDHz1lgYMNHU0nFgDXVVkw4s6hXqw+2P4PsAbf27tqNuRwAEuyBImVes6BvF7nCRI7mbMtFnrN1ZeiXaJJ7ZNeVZGbJBEd+KtRk5p2QDRdBpvjLBUV+OVsnfdCs1QuFgD/uH8fnpw8wUvhFW+tRk7Xbmpw9eZtjoMpcM2Ai3JhqavzGk+ooFpAfyNqUuDVCrllSBqUs9GJU+V1cLB6gaizZhcIp0ajRtyDiy4SX9pUm95c/jI+eO9/vcVGPzoeQ++6W201wnpDpkqyRZPmsKBwnlCHgbOj14VdhWd46He5scp9/68GWKK6TqvFT8dO46l5z4GsPgGHDQEHsvKns6NHjkBpySkvoP0uuxyFz0TmWCdxMGkEz855Epf0Oh8sG7ifywEo9/3/BcAGvR4mj/31+0M/44efjyK3+0UCSJLtWCkLDrv5Jjgbffp3x065WLkmMl+yHw8Uo1/vHuiSI7r8kF2ejkv9kxyAct9jCnBLqElEjNCD9B0tOp1O1NcHvruQmZkBl4vDocNH0cDrwqpWwcDfduMNcAthj8SUkpaOd97fqmx+8DxMvB05HdoINm563US0w4t9ra2thctNcdfFpEYAkjogB/hvUk2SG1QogP2FFVoiK6ssYFwuHDtdCrfODE7wYWJEnyu/A9XBA68LPCvWaLDNzx5NhBZvTfLCqyla2NDrwu6CpC3XTwLY7fadQJ0D2DNt5QgnB7BvFfDtwdIEIAc7t0aLspKzAnftO3AQDof4kHOyORlGgx59L+kNnV4Hu8MheGa4PZe61Eq85wD2AKqWcHIAE4NWed7rkyDOyPAdcITaBuhMlRzYYrlftnqA431cqHSfCRYsovEklNoMnlRkgG9s9MXdiMVy2uqFrHMAB7rdym0dwd/PAaxwzz3Hwb6NI6ZqUmvlYDr/DD4nVctd55ZogFESZSfYsB3sFEaKfmpqaoDwotQpTCoU7MhHQlZDQ2Ag8OB+qG2DJkywkKW2juA+kJDlfzZO+zqNxT+pbSOYFqQHB9sElNIioQf+aqRXOSk6vLHE10owx/9/lKL/Dy76Rbe8DMzXAAAAAElFTkSuQmCC', 'LABORAL', TIMESTAMP '2021-12-13 10:57:56.183341', '1e526008-75f7-4a01-9942-d178f2b38888', '8e445865-a24d-4543-a6c6-9443d048cdb9');

UPDATE "ContasCorrentes" SET "CreatedAt" = TIMESTAMP '2021-12-13 10:57:56.207097', "DataUltimoStatus" = TIMESTAMP '2021-12-13 10:57:56.207094', "UpdatedAt" = TIMESTAMP '2021-12-13 10:57:56.207097'
WHERE "Id" = '7c656707-a8e5-41ac-be05-4b03ea5c1692';

UPDATE "ContasCorrentes" SET "CreatedAt" = TIMESTAMP '2021-12-13 10:57:56.207051', "DataUltimoStatus" = TIMESTAMP '2021-12-13 10:57:56.206979', "UpdatedAt" = TIMESTAMP '2021-12-13 10:57:56.207053'
WHERE "Id" = 'f2358763-f076-4178-8f40-c24eeadf3e96';

UPDATE "Detentos" SET "CreatedAt" = TIMESTAMP '2021-12-13 10:57:56.190048', "NomeFamiliar" = 'Maria de Lourdes', "UpdatedAt" = TIMESTAMP '2021-12-13 10:57:56.190051'
WHERE "Id" = '12fab6de-0f9a-4667-abdf-fe216bb0441f';

UPDATE "Detentos" SET "CreatedAt" = TIMESTAMP '2021-12-13 10:57:56.190062', "NomeFamiliar" = 'Carlos Amarildo de Souza', "UpdatedAt" = TIMESTAMP '2021-12-13 10:57:56.190062'
WHERE "Id" = '533ef31e-407a-4da2-a416-53a50ec0da0e';

UPDATE "Empresas" SET "CreatedAt" = TIMESTAMP '2021-12-13 10:57:56.194168', "UpdatedAt" = TIMESTAMP '2021-12-13 10:57:56.194172'
WHERE "Id" = '00e08a3e-da29-4493-8786-65c67a98970f';

UPDATE "Empresas" SET "CreatedAt" = TIMESTAMP '2021-12-13 10:57:56.194188', "UpdatedAt" = TIMESTAMP '2021-12-13 10:57:56.194188'
WHERE "Id" = '6ba1a56a-e931-4ccd-baf0-bdf907aa8b61';

UPDATE "EmpresasConvenios" SET "CreatedAt" = TIMESTAMP '2021-12-13 10:57:56.197948', "DataFim" = TIMESTAMP '2021-12-13 10:57:56.197782', "DataInicio" = TIMESTAMP '2021-12-13 10:57:56.197742', "UpdatedAt" = TIMESTAMP '2021-12-13 10:57:56.19795'
WHERE "Id" = '87f95ebb-8ee3-4585-a0a5-dc230d036a18';

UPDATE "EmpresasConvenios" SET "DataFim" = TIMESTAMP '2021-12-13 10:57:56.197954', "DataInicio" = TIMESTAMP '2021-12-13 10:57:56.197953'
WHERE "Id" = 'af1f8d4d-6b2d-413d-8407-9ff99537dad5';

UPDATE "Lancamentos" SET "CreatedAt" = TIMESTAMP '2021-12-13 10:57:56.21069', "DataLiquidacao" = TIMESTAMP '2021-12-13 10:57:56.210352', "DataUltimoStatus" = TIMESTAMP '2021-12-13 10:57:56.210563', "UpdatedAt" = TIMESTAMP '2021-12-13 10:57:56.210693'
WHERE "Id" = '0af820ce-7131-45de-a98d-947f972c2a84';

UPDATE "Lancamentos" SET "CreatedAt" = TIMESTAMP '2021-12-13 10:57:56.210746', "DataLiquidacao" = TIMESTAMP '2021-12-13 10:57:56.210731', "DataUltimoStatus" = TIMESTAMP '2021-12-13 10:57:56.210743', "UpdatedAt" = TIMESTAMP '2021-12-13 10:57:56.210747'
WHERE "Id" = 'f9ccef5e-d217-485f-91de-97cd93efca3a';

INSERT INTO "__EFMigrationsHistory" ("MigrationId", "ProductVersion")
VALUES ('20211213135757_CreateNewContaUsuario', '3.1.2');

ALTER TABLE "Detentos" ALTER COLUMN "Situacao" TYPE integer;
ALTER TABLE "Detentos" ALTER COLUMN "Situacao" SET NOT NULL;
ALTER TABLE "Detentos" ALTER COLUMN "Situacao" SET DEFAULT 0;

ALTER TABLE "Detentos" ALTER COLUMN "IsSaidaTemporaria" TYPE boolean;
ALTER TABLE "Detentos" ALTER COLUMN "IsSaidaTemporaria" SET NOT NULL;
ALTER TABLE "Detentos" ALTER COLUMN "IsSaidaTemporaria" SET DEFAULT FALSE;

ALTER TABLE "Detentos" ALTER COLUMN "IsProvisorio" TYPE boolean;
ALTER TABLE "Detentos" ALTER COLUMN "IsProvisorio" SET NOT NULL;
ALTER TABLE "Detentos" ALTER COLUMN "IsProvisorio" SET DEFAULT FALSE;

ALTER TABLE "Detentos" ALTER COLUMN "Cela" TYPE integer;
ALTER TABLE "Detentos" ALTER COLUMN "Cela" SET NOT NULL;
ALTER TABLE "Detentos" ALTER COLUMN "Cela" SET DEFAULT 0;

ALTER TABLE "Colaboradores" ALTER COLUMN "LocalTrabalho" TYPE character varying(255);
ALTER TABLE "Colaboradores" ALTER COLUMN "LocalTrabalho" DROP NOT NULL;
ALTER TABLE "Colaboradores" ALTER COLUMN "LocalTrabalho" DROP DEFAULT;

ALTER TABLE "Colaboradores" ALTER COLUMN "DiaPagamento" TYPE integer;
ALTER TABLE "Colaboradores" ALTER COLUMN "DiaPagamento" SET NOT NULL;
ALTER TABLE "Colaboradores" ALTER COLUMN "DiaPagamento" DROP DEFAULT;

ALTER TABLE "Colaboradores" ALTER COLUMN "DescontoOutro" TYPE decimal(4,2);
ALTER TABLE "Colaboradores" ALTER COLUMN "DescontoOutro" SET NOT NULL;
ALTER TABLE "Colaboradores" ALTER COLUMN "DescontoOutro" DROP DEFAULT;

ALTER TABLE "Colaboradores" ALTER COLUMN "Desconto" TYPE decimal(4,2);
ALTER TABLE "Colaboradores" ALTER COLUMN "Desconto" SET NOT NULL;
ALTER TABLE "Colaboradores" ALTER COLUMN "Desconto" DROP DEFAULT;

ALTER TABLE "Colaboradores" ALTER COLUMN "BancoNumero" TYPE integer;
ALTER TABLE "Colaboradores" ALTER COLUMN "BancoNumero" SET NOT NULL;
ALTER TABLE "Colaboradores" ALTER COLUMN "BancoNumero" DROP DEFAULT;

UPDATE "Colaboradores" SET "BancoNumero" = 1, "CreatedAt" = TIMESTAMP '2021-12-15 13:57:34.234762', "DataUltimaSituacao" = TIMESTAMP '2021-12-15 13:57:34.234744', "Desconto" = 25.0, "DescontoOutro" = 33.0, "DiaPagamento" = 5, "LocalTrabalho" = 'Fábrica do conveniado', "TipoConta" = 3, "UpdatedAt" = TIMESTAMP '2021-12-15 13:57:34.234762'
WHERE "Id" = '08adda92-d549-4065-a9c1-14b1adc26ea8';

UPDATE "Colaboradores" SET "BancoNumero" = 341, "CreatedAt" = TIMESTAMP '2021-12-15 13:57:34.234724', "DataUltimaSituacao" = TIMESTAMP '2021-12-15 13:57:34.234149', "Desconto" = 25.0, "DescontoOutro" = 33.0, "DiaPagamento" = 10, "LocalTrabalho" = 'GALERIA', "TipoConta" = 2, "UpdatedAt" = TIMESTAMP '2021-12-15 13:57:34.234725'
WHERE "Id" = 'a8cf3741-5bad-49ef-9e94-0e2dbb48ab3a';

UPDATE "ContaUsuarios" SET "CreatedAt" = TIMESTAMP '2021-12-15 13:57:34.21282', "Funcao" = 'CHEFE_LABORAL', "UpdatedAt" = TIMESTAMP '2021-12-15 13:57:34.212823'
WHERE "Id" = '4ec0a5df-0807-468b-a874-5c8017d6e737';

UPDATE "ContaUsuarios" SET "CreatedAt" = TIMESTAMP '2021-12-15 13:57:34.211684', "UpdatedAt" = TIMESTAMP '2021-12-15 13:57:34.212706'
WHERE "Id" = 'cdf3d102-b621-46ff-ae30-bc9bab859ceb';

UPDATE "ContasCorrentes" SET "CreatedAt" = TIMESTAMP '2021-12-15 13:57:34.238636', "DataUltimoStatus" = TIMESTAMP '2021-12-15 13:57:34.238634', "UpdatedAt" = TIMESTAMP '2021-12-15 13:57:34.238636'
WHERE "Id" = '7c656707-a8e5-41ac-be05-4b03ea5c1692';

UPDATE "ContasCorrentes" SET "CreatedAt" = TIMESTAMP '2021-12-15 13:57:34.23859', "DataUltimoStatus" = TIMESTAMP '2021-12-15 13:57:34.23852', "UpdatedAt" = TIMESTAMP '2021-12-15 13:57:34.238592'
WHERE "Id" = 'f2358763-f076-4178-8f40-c24eeadf3e96';

UPDATE "Detentos" SET "Cela" = 2, "CreatedAt" = TIMESTAMP '2021-12-15 13:57:34.219756', "IsSaidaTemporaria" = TRUE, "NomeFamiliar" = 'Maria de Lourdes', "Situacao" = 7, "UpdatedAt" = TIMESTAMP '2021-12-15 13:57:34.21976'
WHERE "Id" = '12fab6de-0f9a-4667-abdf-fe216bb0441f';

UPDATE "Detentos" SET "Cela" = 10, "CreatedAt" = TIMESTAMP '2021-12-15 13:57:34.219771', "IsProvisorio" = TRUE, "NomeFamiliar" = 'Carlos Amarildo de Souza', "Situacao" = 8, "UpdatedAt" = TIMESTAMP '2021-12-15 13:57:34.219771'
WHERE "Id" = '533ef31e-407a-4da2-a416-53a50ec0da0e';

UPDATE "Empresas" SET "CreatedAt" = TIMESTAMP '2021-12-15 13:57:34.224784', "UpdatedAt" = TIMESTAMP '2021-12-15 13:57:34.224788'
WHERE "Id" = '00e08a3e-da29-4493-8786-65c67a98970f';

UPDATE "Empresas" SET "CreatedAt" = TIMESTAMP '2021-12-15 13:57:34.224807', "UpdatedAt" = TIMESTAMP '2021-12-15 13:57:34.224807'
WHERE "Id" = '6ba1a56a-e931-4ccd-baf0-bdf907aa8b61';

UPDATE "EmpresasConvenios" SET "CreatedAt" = TIMESTAMP '2021-12-15 13:57:34.228505', "DataFim" = TIMESTAMP '2021-12-15 13:57:34.228336', "DataInicio" = TIMESTAMP '2021-12-15 13:57:34.228296', "UpdatedAt" = TIMESTAMP '2021-12-15 13:57:34.228506'
WHERE "Id" = '87f95ebb-8ee3-4585-a0a5-dc230d036a18';

UPDATE "EmpresasConvenios" SET "DataFim" = TIMESTAMP '2021-12-15 13:57:34.228511', "DataInicio" = TIMESTAMP '2021-12-15 13:57:34.22851'
WHERE "Id" = 'af1f8d4d-6b2d-413d-8407-9ff99537dad5';

UPDATE "Lancamentos" SET "CreatedAt" = TIMESTAMP '2021-12-15 13:57:34.241341', "DataLiquidacao" = TIMESTAMP '2021-12-15 13:57:34.240999', "DataUltimoStatus" = TIMESTAMP '2021-12-15 13:57:34.24121', "UpdatedAt" = TIMESTAMP '2021-12-15 13:57:34.241343'
WHERE "Id" = '0af820ce-7131-45de-a98d-947f972c2a84';

UPDATE "Lancamentos" SET "CreatedAt" = TIMESTAMP '2021-12-15 13:57:34.241393', "DataLiquidacao" = TIMESTAMP '2021-12-15 13:57:34.241379', "DataUltimoStatus" = TIMESTAMP '2021-12-15 13:57:34.241389', "UpdatedAt" = TIMESTAMP '2021-12-15 13:57:34.241393'
WHERE "Id" = 'f9ccef5e-d217-485f-91de-97cd93efca3a';

INSERT INTO "__EFMigrationsHistory" ("MigrationId", "ProductVersion")
VALUES ('20211215165735_CreateChangeFieldsMiscellaneous', '3.1.2');

ALTER TABLE "Lancamentos" ALTER COLUMN "ValorLiquido" TYPE decimal(7,3);
ALTER TABLE "Lancamentos" ALTER COLUMN "ValorLiquido" SET NOT NULL;
ALTER TABLE "Lancamentos" ALTER COLUMN "ValorLiquido" DROP DEFAULT;

ALTER TABLE "Lancamentos" ALTER COLUMN "ValorBruto" TYPE decimal(7,3);
ALTER TABLE "Lancamentos" ALTER COLUMN "ValorBruto" SET NOT NULL;
ALTER TABLE "Lancamentos" ALTER COLUMN "ValorBruto" DROP DEFAULT;

UPDATE "Colaboradores" SET "BancoNumero" = 1, "CreatedAt" = TIMESTAMP '2021-12-15 16:18:57.180289', "DataUltimaSituacao" = TIMESTAMP '2021-12-15 16:18:57.180268', "Desconto" = 25.0, "DescontoOutro" = 33.0, "DiaPagamento" = 5, "LocalTrabalho" = 'Fábrica do conveniado', "TipoConta" = 3, "UpdatedAt" = TIMESTAMP '2021-12-15 16:18:57.18029'
WHERE "Id" = '08adda92-d549-4065-a9c1-14b1adc26ea8';

UPDATE "Colaboradores" SET "BancoNumero" = 341, "CreatedAt" = TIMESTAMP '2021-12-15 16:18:57.180264', "DataUltimaSituacao" = TIMESTAMP '2021-12-15 16:18:57.179756', "Desconto" = 25.0, "DescontoOutro" = 33.0, "DiaPagamento" = 10, "LocalTrabalho" = 'GALERIA', "TipoConta" = 2, "UpdatedAt" = TIMESTAMP '2021-12-15 16:18:57.180264'
WHERE "Id" = 'a8cf3741-5bad-49ef-9e94-0e2dbb48ab3a';

UPDATE "ContaUsuarios" SET "CreatedAt" = TIMESTAMP '2021-12-15 16:18:57.160351', "UpdatedAt" = TIMESTAMP '2021-12-15 16:18:57.160353'
WHERE "Id" = '4ec0a5df-0807-468b-a874-5c8017d6e737';

UPDATE "ContaUsuarios" SET "CreatedAt" = TIMESTAMP '2021-12-15 16:18:57.159242', "UpdatedAt" = TIMESTAMP '2021-12-15 16:18:57.160241'
WHERE "Id" = 'cdf3d102-b621-46ff-ae30-bc9bab859ceb';

UPDATE "ContasCorrentes" SET "CreatedAt" = TIMESTAMP '2021-12-15 16:18:57.183873', "DataUltimoStatus" = TIMESTAMP '2021-12-15 16:18:57.183871', "UpdatedAt" = TIMESTAMP '2021-12-15 16:18:57.183873'
WHERE "Id" = '7c656707-a8e5-41ac-be05-4b03ea5c1692';

UPDATE "ContasCorrentes" SET "CreatedAt" = TIMESTAMP '2021-12-15 16:18:57.183829', "DataUltimoStatus" = TIMESTAMP '2021-12-15 16:18:57.18376', "UpdatedAt" = TIMESTAMP '2021-12-15 16:18:57.18383'
WHERE "Id" = 'f2358763-f076-4178-8f40-c24eeadf3e96';

UPDATE "Detentos" SET "Cela" = 2, "CreatedAt" = TIMESTAMP '2021-12-15 16:18:57.167361', "IsSaidaTemporaria" = TRUE, "NomeFamiliar" = 'Maria de Lourdes', "Situacao" = 7, "UpdatedAt" = TIMESTAMP '2021-12-15 16:18:57.167364'
WHERE "Id" = '12fab6de-0f9a-4667-abdf-fe216bb0441f';

UPDATE "Detentos" SET "Cela" = 10, "CreatedAt" = TIMESTAMP '2021-12-15 16:18:57.167377', "IsProvisorio" = TRUE, "NomeFamiliar" = 'Carlos Amarildo de Souza', "Situacao" = 8, "UpdatedAt" = TIMESTAMP '2021-12-15 16:18:57.167377'
WHERE "Id" = '533ef31e-407a-4da2-a416-53a50ec0da0e';

UPDATE "Empresas" SET "CreatedAt" = TIMESTAMP '2021-12-15 16:18:57.170998', "UpdatedAt" = TIMESTAMP '2021-12-15 16:18:57.171001'
WHERE "Id" = '00e08a3e-da29-4493-8786-65c67a98970f';

UPDATE "Empresas" SET "CreatedAt" = TIMESTAMP '2021-12-15 16:18:57.171016', "UpdatedAt" = TIMESTAMP '2021-12-15 16:18:57.171016'
WHERE "Id" = '6ba1a56a-e931-4ccd-baf0-bdf907aa8b61';

UPDATE "EmpresasConvenios" SET "CreatedAt" = TIMESTAMP '2021-12-15 16:18:57.174451', "DataFim" = TIMESTAMP '2021-12-15 16:18:57.17429', "DataInicio" = TIMESTAMP '2021-12-15 16:18:57.174251', "UpdatedAt" = TIMESTAMP '2021-12-15 16:18:57.174453'
WHERE "Id" = '87f95ebb-8ee3-4585-a0a5-dc230d036a18';

UPDATE "EmpresasConvenios" SET "DataFim" = TIMESTAMP '2021-12-15 16:18:57.174457', "DataInicio" = TIMESTAMP '2021-12-15 16:18:57.174456'
WHERE "Id" = 'af1f8d4d-6b2d-413d-8407-9ff99537dad5';

UPDATE "Lancamentos" SET "CreatedAt" = TIMESTAMP '2021-12-15 16:18:57.186513', "DataLiquidacao" = TIMESTAMP '2021-12-15 16:18:57.186157', "DataUltimoStatus" = TIMESTAMP '2021-12-15 16:18:57.186367', "UpdatedAt" = TIMESTAMP '2021-12-15 16:18:57.186514'
WHERE "Id" = '0af820ce-7131-45de-a98d-947f972c2a84';

UPDATE "Lancamentos" SET "CreatedAt" = TIMESTAMP '2021-12-15 16:18:57.186566', "DataLiquidacao" = TIMESTAMP '2021-12-15 16:18:57.186552', "DataUltimoStatus" = TIMESTAMP '2021-12-15 16:18:57.186562', "UpdatedAt" = TIMESTAMP '2021-12-15 16:18:57.186566'
WHERE "Id" = 'f9ccef5e-d217-485f-91de-97cd93efca3a';

INSERT INTO "__EFMigrationsHistory" ("MigrationId", "ProductVersion")
VALUES ('20211215191858_UpdatePercisionFieldsLancamento', '3.1.2');

ALTER TABLE "Lancamentos" ALTER COLUMN "ValorLiquido" TYPE decimal(10,3);
ALTER TABLE "Lancamentos" ALTER COLUMN "ValorLiquido" SET NOT NULL;
ALTER TABLE "Lancamentos" ALTER COLUMN "ValorLiquido" DROP DEFAULT;

ALTER TABLE "Lancamentos" ALTER COLUMN "ValorBruto" TYPE decimal(10,3);
ALTER TABLE "Lancamentos" ALTER COLUMN "ValorBruto" SET NOT NULL;
ALTER TABLE "Lancamentos" ALTER COLUMN "ValorBruto" DROP DEFAULT;

UPDATE "Colaboradores" SET "BancoNumero" = 1, "CreatedAt" = TIMESTAMP '2021-12-15 16:26:56.207229', "DataUltimaSituacao" = TIMESTAMP '2021-12-15 16:26:56.207202', "Desconto" = 25.0, "DescontoOutro" = 33.0, "DiaPagamento" = 5, "LocalTrabalho" = 'Fábrica do conveniado', "TipoConta" = 3, "UpdatedAt" = TIMESTAMP '2021-12-15 16:26:56.20723'
WHERE "Id" = '08adda92-d549-4065-a9c1-14b1adc26ea8';

UPDATE "Colaboradores" SET "BancoNumero" = 341, "CreatedAt" = TIMESTAMP '2021-12-15 16:26:56.207195', "DataUltimaSituacao" = TIMESTAMP '2021-12-15 16:26:56.206292', "Desconto" = 25.0, "DescontoOutro" = 33.0, "DiaPagamento" = 10, "LocalTrabalho" = 'GALERIA', "TipoConta" = 2, "UpdatedAt" = TIMESTAMP '2021-12-15 16:26:56.207197'
WHERE "Id" = 'a8cf3741-5bad-49ef-9e94-0e2dbb48ab3a';

UPDATE "ContaUsuarios" SET "CreatedAt" = TIMESTAMP '2021-12-15 16:26:56.185522', "UpdatedAt" = TIMESTAMP '2021-12-15 16:26:56.185524'
WHERE "Id" = '4ec0a5df-0807-468b-a874-5c8017d6e737';

UPDATE "ContaUsuarios" SET "CreatedAt" = TIMESTAMP '2021-12-15 16:26:56.184402', "UpdatedAt" = TIMESTAMP '2021-12-15 16:26:56.185406'
WHERE "Id" = 'cdf3d102-b621-46ff-ae30-bc9bab859ceb';

UPDATE "ContasCorrentes" SET "CreatedAt" = TIMESTAMP '2021-12-15 16:26:56.212012', "DataUltimoStatus" = TIMESTAMP '2021-12-15 16:26:56.21201', "UpdatedAt" = TIMESTAMP '2021-12-15 16:26:56.212013'
WHERE "Id" = '7c656707-a8e5-41ac-be05-4b03ea5c1692';

UPDATE "ContasCorrentes" SET "CreatedAt" = TIMESTAMP '2021-12-15 16:26:56.211964', "DataUltimoStatus" = TIMESTAMP '2021-12-15 16:26:56.211889', "UpdatedAt" = TIMESTAMP '2021-12-15 16:26:56.211966'
WHERE "Id" = 'f2358763-f076-4178-8f40-c24eeadf3e96';

UPDATE "Detentos" SET "Cela" = 2, "CreatedAt" = TIMESTAMP '2021-12-15 16:26:56.192736', "IsSaidaTemporaria" = TRUE, "NomeFamiliar" = 'Maria de Lourdes', "Situacao" = 7, "UpdatedAt" = TIMESTAMP '2021-12-15 16:26:56.192739'
WHERE "Id" = '12fab6de-0f9a-4667-abdf-fe216bb0441f';

UPDATE "Detentos" SET "Cela" = 10, "CreatedAt" = TIMESTAMP '2021-12-15 16:26:56.192751', "IsProvisorio" = TRUE, "NomeFamiliar" = 'Carlos Amarildo de Souza', "Situacao" = 8, "UpdatedAt" = TIMESTAMP '2021-12-15 16:26:56.192751'
WHERE "Id" = '533ef31e-407a-4da2-a416-53a50ec0da0e';

UPDATE "Empresas" SET "CreatedAt" = TIMESTAMP '2021-12-15 16:26:56.196294', "UpdatedAt" = TIMESTAMP '2021-12-15 16:26:56.196296'
WHERE "Id" = '00e08a3e-da29-4493-8786-65c67a98970f';

UPDATE "Empresas" SET "CreatedAt" = TIMESTAMP '2021-12-15 16:26:56.19631', "UpdatedAt" = TIMESTAMP '2021-12-15 16:26:56.196311'
WHERE "Id" = '6ba1a56a-e931-4ccd-baf0-bdf907aa8b61';

UPDATE "EmpresasConvenios" SET "CreatedAt" = TIMESTAMP '2021-12-15 16:26:56.199771', "DataFim" = TIMESTAMP '2021-12-15 16:26:56.199609', "DataInicio" = TIMESTAMP '2021-12-15 16:26:56.19957', "UpdatedAt" = TIMESTAMP '2021-12-15 16:26:56.199773'
WHERE "Id" = '87f95ebb-8ee3-4585-a0a5-dc230d036a18';

UPDATE "EmpresasConvenios" SET "DataFim" = TIMESTAMP '2021-12-15 16:26:56.199777', "DataInicio" = TIMESTAMP '2021-12-15 16:26:56.199776'
WHERE "Id" = 'af1f8d4d-6b2d-413d-8407-9ff99537dad5';

UPDATE "Lancamentos" SET "CreatedAt" = TIMESTAMP '2021-12-15 16:26:56.214855', "DataLiquidacao" = TIMESTAMP '2021-12-15 16:26:56.21453', "DataUltimoStatus" = TIMESTAMP '2021-12-15 16:26:56.214722', "UpdatedAt" = TIMESTAMP '2021-12-15 16:26:56.214857'
WHERE "Id" = '0af820ce-7131-45de-a98d-947f972c2a84';

UPDATE "Lancamentos" SET "CreatedAt" = TIMESTAMP '2021-12-15 16:26:56.214908', "DataLiquidacao" = TIMESTAMP '2021-12-15 16:26:56.214893', "DataUltimoStatus" = TIMESTAMP '2021-12-15 16:26:56.214904', "UpdatedAt" = TIMESTAMP '2021-12-15 16:26:56.214908'
WHERE "Id" = 'f9ccef5e-d217-485f-91de-97cd93efca3a';

INSERT INTO "__EFMigrationsHistory" ("MigrationId", "ProductVersion")
VALUES ('20211215192657_UpdatePercisionFieldsLancamento2', '3.1.2');

CREATE TABLE "DetentosListaAmarela" (
    "Id" uuid NOT NULL,
    "IsDeleted" boolean NOT NULL,
    "CreatedAt" timestamp without time zone NOT NULL,
    "CreatedBy" uuid NOT NULL,
    "UpdatedAt" timestamp without time zone NOT NULL,
    "UpdatedBy" uuid NOT NULL,
    "RevisaoIpenData" timestamp without time zone NOT NULL DEFAULT TIMESTAMP '0001-01-01 00:00:00',
    "RevisaoIpenObservacao" character varying(255) NULL,
    "DataPrisao" timestamp without time zone NOT NULL DEFAULT TIMESTAMP '0001-01-01 00:00:00',
    "Artigos" character varying(255) NULL,
    "Comarca" character varying(255) NULL,
    "PenaAno" character varying(4) NULL,
    "PenaMes" character varying(6) NULL,
    "PenaDia" character varying(12) NULL,
    "InstrumentosPrisao" integer[] NULL,
    "CondenacaoTipo" integer NOT NULL,
    "DiasMedidaDisciplinar" bigint NOT NULL DEFAULT 0,
    "AcaoPenal" character varying(255) NULL,
    "DataPrevisaoBeneficio" timestamp without time zone NOT NULL DEFAULT TIMESTAMP '0001-01-01 00:00:00',
    "DataProgressao" timestamp without time zone NOT NULL DEFAULT TIMESTAMP '0001-01-01 00:00:00',
    "PrevisaoBeneficioObservacao" character varying(255) NULL,
    "DetentoId" uuid NOT NULL,
    CONSTRAINT "PK_DetentosListaAmarela" PRIMARY KEY ("Id"),
    CONSTRAINT "FK_DetentosListaAmarela_Detentos_DetentoId" FOREIGN KEY ("DetentoId") REFERENCES "Detentos" ("Id") ON DELETE CASCADE
);

UPDATE "Colaboradores" SET "BancoNumero" = 1, "CreatedAt" = TIMESTAMP '2021-12-17 18:05:42.169433', "DataUltimaSituacao" = TIMESTAMP '2021-12-17 18:05:42.16941', "Desconto" = 25.0, "DescontoOutro" = 33.0, "DiaPagamento" = 5, "LocalTrabalho" = 'Fábrica do conveniado', "TipoConta" = 3, "UpdatedAt" = TIMESTAMP '2021-12-17 18:05:42.169433'
WHERE "Id" = '08adda92-d549-4065-a9c1-14b1adc26ea8';

UPDATE "Colaboradores" SET "BancoNumero" = 341, "CreatedAt" = TIMESTAMP '2021-12-17 18:05:42.169403', "DataUltimaSituacao" = TIMESTAMP '2021-12-17 18:05:42.168854', "Desconto" = 25.0, "DescontoOutro" = 33.0, "DiaPagamento" = 10, "LocalTrabalho" = 'GALERIA', "TipoConta" = 2, "UpdatedAt" = TIMESTAMP '2021-12-17 18:05:42.169405'
WHERE "Id" = 'a8cf3741-5bad-49ef-9e94-0e2dbb48ab3a';

UPDATE "ContaUsuarios" SET "CreatedAt" = TIMESTAMP '2021-12-17 18:05:42.109811', "UpdatedAt" = TIMESTAMP '2021-12-17 18:05:42.109814'
WHERE "Id" = '4ec0a5df-0807-468b-a874-5c8017d6e737';

UPDATE "ContaUsuarios" SET "CreatedAt" = TIMESTAMP '2021-12-17 18:05:42.108648', "UpdatedAt" = TIMESTAMP '2021-12-17 18:05:42.10972'
WHERE "Id" = 'cdf3d102-b621-46ff-ae30-bc9bab859ceb';

UPDATE "ContasCorrentes" SET "CreatedAt" = TIMESTAMP '2021-12-17 18:05:42.174684', "DataUltimoStatus" = TIMESTAMP '2021-12-17 18:05:42.174681', "UpdatedAt" = TIMESTAMP '2021-12-17 18:05:42.174685'
WHERE "Id" = '7c656707-a8e5-41ac-be05-4b03ea5c1692';

UPDATE "ContasCorrentes" SET "CreatedAt" = TIMESTAMP '2021-12-17 18:05:42.174631', "DataUltimoStatus" = TIMESTAMP '2021-12-17 18:05:42.174556', "UpdatedAt" = TIMESTAMP '2021-12-17 18:05:42.174633'
WHERE "Id" = 'f2358763-f076-4178-8f40-c24eeadf3e96';

UPDATE "Detentos" SET "Cela" = 2, "CreatedAt" = TIMESTAMP '2021-12-17 18:05:42.115158', "IsSaidaTemporaria" = TRUE, "NomeFamiliar" = 'Maria de Lourdes', "Situacao" = 7, "UpdatedAt" = TIMESTAMP '2021-12-17 18:05:42.115163'
WHERE "Id" = '12fab6de-0f9a-4667-abdf-fe216bb0441f';

UPDATE "Detentos" SET "Cela" = 10, "CreatedAt" = TIMESTAMP '2021-12-17 18:05:42.115178', "IsProvisorio" = TRUE, "NomeFamiliar" = 'Carlos Amarildo de Souza', "Situacao" = 8, "UpdatedAt" = TIMESTAMP '2021-12-17 18:05:42.115179'
WHERE "Id" = '533ef31e-407a-4da2-a416-53a50ec0da0e';

UPDATE "Empresas" SET "CreatedAt" = TIMESTAMP '2021-12-17 18:05:42.143894', "UpdatedAt" = TIMESTAMP '2021-12-17 18:05:42.143899'
WHERE "Id" = '00e08a3e-da29-4493-8786-65c67a98970f';

UPDATE "Empresas" SET "CreatedAt" = TIMESTAMP '2021-12-17 18:05:42.143919', "UpdatedAt" = TIMESTAMP '2021-12-17 18:05:42.143919'
WHERE "Id" = '6ba1a56a-e931-4ccd-baf0-bdf907aa8b61';

UPDATE "EmpresasConvenios" SET "CreatedAt" = TIMESTAMP '2021-12-17 18:05:42.151932', "DataFim" = TIMESTAMP '2021-12-17 18:05:42.151756', "DataInicio" = TIMESTAMP '2021-12-17 18:05:42.151714', "UpdatedAt" = TIMESTAMP '2021-12-17 18:05:42.151934'
WHERE "Id" = '87f95ebb-8ee3-4585-a0a5-dc230d036a18';

UPDATE "EmpresasConvenios" SET "DataFim" = TIMESTAMP '2021-12-17 18:05:42.15194', "DataInicio" = TIMESTAMP '2021-12-17 18:05:42.151939'
WHERE "Id" = 'af1f8d4d-6b2d-413d-8407-9ff99537dad5';

UPDATE "Lancamentos" SET "CreatedAt" = TIMESTAMP '2021-12-17 18:05:42.178462', "DataLiquidacao" = TIMESTAMP '2021-12-17 18:05:42.178096', "DataUltimoStatus" = TIMESTAMP '2021-12-17 18:05:42.178308', "UpdatedAt" = TIMESTAMP '2021-12-17 18:05:42.178465'
WHERE "Id" = '0af820ce-7131-45de-a98d-947f972c2a84';

UPDATE "Lancamentos" SET "CreatedAt" = TIMESTAMP '2021-12-17 18:05:42.178537', "DataLiquidacao" = TIMESTAMP '2021-12-17 18:05:42.178519', "DataUltimoStatus" = TIMESTAMP '2021-12-17 18:05:42.178532', "UpdatedAt" = TIMESTAMP '2021-12-17 18:05:42.178538'
WHERE "Id" = 'f9ccef5e-d217-485f-91de-97cd93efca3a';

CREATE UNIQUE INDEX "IX_DetentosListaAmarela_DetentoId" ON "DetentosListaAmarela" ("DetentoId") WHERE "IsDeleted"='0';

INSERT INTO "__EFMigrationsHistory" ("MigrationId", "ProductVersion")
VALUES ('20211217210543_CreateDetentoListaAmarela', '3.1.2');

ALTER TABLE "Lancamentos" ALTER COLUMN "ValorLiquido" TYPE decimal(10,2);
ALTER TABLE "Lancamentos" ALTER COLUMN "ValorLiquido" SET NOT NULL;
ALTER TABLE "Lancamentos" ALTER COLUMN "ValorLiquido" DROP DEFAULT;

ALTER TABLE "Lancamentos" ALTER COLUMN "ValorBruto" TYPE decimal(10,2);
ALTER TABLE "Lancamentos" ALTER COLUMN "ValorBruto" SET NOT NULL;
ALTER TABLE "Lancamentos" ALTER COLUMN "ValorBruto" DROP DEFAULT;

UPDATE "Colaboradores" SET "BancoNumero" = 1, "CreatedAt" = TIMESTAMP '2021-12-21 08:24:50.409587', "DataUltimaSituacao" = TIMESTAMP '2021-12-21 08:24:50.40957', "Desconto" = 25.0, "DescontoOutro" = 33.0, "DiaPagamento" = 5, "LocalTrabalho" = 'Fábrica do conveniado', "TipoConta" = 3, "UpdatedAt" = TIMESTAMP '2021-12-21 08:24:50.409587'
WHERE "Id" = '08adda92-d549-4065-a9c1-14b1adc26ea8';

UPDATE "Colaboradores" SET "BancoNumero" = 341, "CreatedAt" = TIMESTAMP '2021-12-21 08:24:50.409565', "DataUltimaSituacao" = TIMESTAMP '2021-12-21 08:24:50.408942', "Desconto" = 25.0, "DescontoOutro" = 33.0, "DiaPagamento" = 10, "LocalTrabalho" = 'GALERIA', "TipoConta" = 2, "UpdatedAt" = TIMESTAMP '2021-12-21 08:24:50.409566'
WHERE "Id" = 'a8cf3741-5bad-49ef-9e94-0e2dbb48ab3a';

UPDATE "ContaUsuarios" SET "CreatedAt" = TIMESTAMP '2021-12-21 08:24:50.389446', "UpdatedAt" = TIMESTAMP '2021-12-21 08:24:50.389449'
WHERE "Id" = '4ec0a5df-0807-468b-a874-5c8017d6e737';

UPDATE "ContaUsuarios" SET "CreatedAt" = TIMESTAMP '2021-12-21 08:24:50.388238', "UpdatedAt" = TIMESTAMP '2021-12-21 08:24:50.389322'
WHERE "Id" = 'cdf3d102-b621-46ff-ae30-bc9bab859ceb';

UPDATE "ContasCorrentes" SET "CreatedAt" = TIMESTAMP '2021-12-21 08:24:50.4128', "DataUltimoStatus" = TIMESTAMP '2021-12-21 08:24:50.412798', "UpdatedAt" = TIMESTAMP '2021-12-21 08:24:50.4128'
WHERE "Id" = '7c656707-a8e5-41ac-be05-4b03ea5c1692';

UPDATE "ContasCorrentes" SET "CreatedAt" = TIMESTAMP '2021-12-21 08:24:50.412752', "DataUltimoStatus" = TIMESTAMP '2021-12-21 08:24:50.412679', "UpdatedAt" = TIMESTAMP '2021-12-21 08:24:50.412753'
WHERE "Id" = 'f2358763-f076-4178-8f40-c24eeadf3e96';

UPDATE "Detentos" SET "Cela" = 2, "CreatedAt" = TIMESTAMP '2021-12-21 08:24:50.394399', "IsSaidaTemporaria" = TRUE, "NomeFamiliar" = 'Maria de Lourdes', "Situacao" = 7, "UpdatedAt" = TIMESTAMP '2021-12-21 08:24:50.394401'
WHERE "Id" = '12fab6de-0f9a-4667-abdf-fe216bb0441f';

UPDATE "Detentos" SET "Cela" = 10, "CreatedAt" = TIMESTAMP '2021-12-21 08:24:50.394413', "IsProvisorio" = TRUE, "NomeFamiliar" = 'Carlos Amarildo de Souza', "Situacao" = 8, "UpdatedAt" = TIMESTAMP '2021-12-21 08:24:50.394414'
WHERE "Id" = '533ef31e-407a-4da2-a416-53a50ec0da0e';

UPDATE "Empresas" SET "CreatedAt" = TIMESTAMP '2021-12-21 08:24:50.398191', "UpdatedAt" = TIMESTAMP '2021-12-21 08:24:50.398194'
WHERE "Id" = '00e08a3e-da29-4493-8786-65c67a98970f';

UPDATE "Empresas" SET "CreatedAt" = TIMESTAMP '2021-12-21 08:24:50.398209', "UpdatedAt" = TIMESTAMP '2021-12-21 08:24:50.398209'
WHERE "Id" = '6ba1a56a-e931-4ccd-baf0-bdf907aa8b61';

UPDATE "EmpresasConvenios" SET "CreatedAt" = TIMESTAMP '2021-12-21 08:24:50.402292', "DataFim" = TIMESTAMP '2021-12-21 08:24:50.401695', "DataInicio" = TIMESTAMP '2021-12-21 08:24:50.401654', "UpdatedAt" = TIMESTAMP '2021-12-21 08:24:50.402295'
WHERE "Id" = '87f95ebb-8ee3-4585-a0a5-dc230d036a18';

UPDATE "EmpresasConvenios" SET "DataFim" = TIMESTAMP '2021-12-21 08:24:50.402301', "DataInicio" = TIMESTAMP '2021-12-21 08:24:50.4023'
WHERE "Id" = 'af1f8d4d-6b2d-413d-8407-9ff99537dad5';

UPDATE "Lancamentos" SET "CreatedAt" = TIMESTAMP '2021-12-21 08:24:50.415439', "DataLiquidacao" = TIMESTAMP '2021-12-21 08:24:50.415061', "DataUltimoStatus" = TIMESTAMP '2021-12-21 08:24:50.415285', "UpdatedAt" = TIMESTAMP '2021-12-21 08:24:50.415441'
WHERE "Id" = '0af820ce-7131-45de-a98d-947f972c2a84';

UPDATE "Lancamentos" SET "CreatedAt" = TIMESTAMP '2021-12-21 08:24:50.415491', "DataLiquidacao" = TIMESTAMP '2021-12-21 08:24:50.415479', "DataUltimoStatus" = TIMESTAMP '2021-12-21 08:24:50.415488', "UpdatedAt" = TIMESTAMP '2021-12-21 08:24:50.415492'
WHERE "Id" = 'f9ccef5e-d217-485f-91de-97cd93efca3a';

INSERT INTO "__EFMigrationsHistory" ("MigrationId", "ProductVersion")
VALUES ('20211221112451_CreateChangeScaleFieldDecimal', '3.1.2');

ALTER TABLE "Detentos" DROP COLUMN "Situacao";

ALTER TABLE "Detentos" ADD "Regime" integer NOT NULL DEFAULT 0;

UPDATE "Colaboradores" SET "BancoNumero" = 1, "CreatedAt" = TIMESTAMP '2021-12-22 10:39:44.205893', "DataUltimaSituacao" = TIMESTAMP '2021-12-22 10:39:44.205875', "Desconto" = 25.0, "DescontoOutro" = 33.0, "DiaPagamento" = 5, "LocalTrabalho" = 'Fábrica do conveniado', "TipoConta" = 3, "UpdatedAt" = TIMESTAMP '2021-12-22 10:39:44.205893'
WHERE "Id" = '08adda92-d549-4065-a9c1-14b1adc26ea8';

UPDATE "Colaboradores" SET "BancoNumero" = 341, "CreatedAt" = TIMESTAMP '2021-12-22 10:39:44.20587', "DataUltimaSituacao" = TIMESTAMP '2021-12-22 10:39:44.205329', "Desconto" = 25.0, "DescontoOutro" = 33.0, "DiaPagamento" = 10, "LocalTrabalho" = 'GALERIA', "TipoConta" = 2, "UpdatedAt" = TIMESTAMP '2021-12-22 10:39:44.205871'
WHERE "Id" = 'a8cf3741-5bad-49ef-9e94-0e2dbb48ab3a';

UPDATE "ContaUsuarios" SET "CreatedAt" = TIMESTAMP '2021-12-22 10:39:44.186112', "UpdatedAt" = TIMESTAMP '2021-12-22 10:39:44.186115'
WHERE "Id" = '4ec0a5df-0807-468b-a874-5c8017d6e737';

UPDATE "ContaUsuarios" SET "CreatedAt" = TIMESTAMP '2021-12-22 10:39:44.184976', "UpdatedAt" = TIMESTAMP '2021-12-22 10:39:44.185993'
WHERE "Id" = 'cdf3d102-b621-46ff-ae30-bc9bab859ceb';

UPDATE "ContasCorrentes" SET "CreatedAt" = TIMESTAMP '2021-12-22 10:39:44.209116', "DataUltimoStatus" = TIMESTAMP '2021-12-22 10:39:44.209114', "UpdatedAt" = TIMESTAMP '2021-12-22 10:39:44.209117'
WHERE "Id" = '7c656707-a8e5-41ac-be05-4b03ea5c1692';

UPDATE "ContasCorrentes" SET "CreatedAt" = TIMESTAMP '2021-12-22 10:39:44.209069', "DataUltimoStatus" = TIMESTAMP '2021-12-22 10:39:44.209', "UpdatedAt" = TIMESTAMP '2021-12-22 10:39:44.20907'
WHERE "Id" = 'f2358763-f076-4178-8f40-c24eeadf3e96';

UPDATE "Detentos" SET "Cela" = 2, "CreatedAt" = TIMESTAMP '2021-12-22 10:39:44.191161', "IsSaidaTemporaria" = TRUE, "NomeFamiliar" = 'Maria de Lourdes', "Regime" = 7, "UpdatedAt" = TIMESTAMP '2021-12-22 10:39:44.191165'
WHERE "Id" = '12fab6de-0f9a-4667-abdf-fe216bb0441f';

UPDATE "Detentos" SET "Cela" = 10, "CreatedAt" = TIMESTAMP '2021-12-22 10:39:44.191177', "IsProvisorio" = TRUE, "NomeFamiliar" = 'Carlos Amarildo de Souza', "Regime" = 8, "UpdatedAt" = TIMESTAMP '2021-12-22 10:39:44.191177'
WHERE "Id" = '533ef31e-407a-4da2-a416-53a50ec0da0e';

UPDATE "Empresas" SET "CreatedAt" = TIMESTAMP '2021-12-22 10:39:44.19554', "UpdatedAt" = TIMESTAMP '2021-12-22 10:39:44.195544'
WHERE "Id" = '00e08a3e-da29-4493-8786-65c67a98970f';

UPDATE "Empresas" SET "CreatedAt" = TIMESTAMP '2021-12-22 10:39:44.195562', "UpdatedAt" = TIMESTAMP '2021-12-22 10:39:44.195562'
WHERE "Id" = '6ba1a56a-e931-4ccd-baf0-bdf907aa8b61';

UPDATE "EmpresasConvenios" SET "CreatedAt" = TIMESTAMP '2021-12-22 10:39:44.199334', "DataFim" = TIMESTAMP '2021-12-22 10:39:44.19916', "DataInicio" = TIMESTAMP '2021-12-22 10:39:44.199119', "UpdatedAt" = TIMESTAMP '2021-12-22 10:39:44.199335'
WHERE "Id" = '87f95ebb-8ee3-4585-a0a5-dc230d036a18';

UPDATE "EmpresasConvenios" SET "DataFim" = TIMESTAMP '2021-12-22 10:39:44.19934', "DataInicio" = TIMESTAMP '2021-12-22 10:39:44.199339'
WHERE "Id" = 'af1f8d4d-6b2d-413d-8407-9ff99537dad5';

UPDATE "Lancamentos" SET "CreatedAt" = TIMESTAMP '2021-12-22 10:39:44.211667', "DataLiquidacao" = TIMESTAMP '2021-12-22 10:39:44.211329', "DataUltimoStatus" = TIMESTAMP '2021-12-22 10:39:44.211525', "UpdatedAt" = TIMESTAMP '2021-12-22 10:39:44.211668'
WHERE "Id" = '0af820ce-7131-45de-a98d-947f972c2a84';

UPDATE "Lancamentos" SET "CreatedAt" = TIMESTAMP '2021-12-22 10:39:44.211717', "DataLiquidacao" = TIMESTAMP '2021-12-22 10:39:44.211704', "DataUltimoStatus" = TIMESTAMP '2021-12-22 10:39:44.211713', "UpdatedAt" = TIMESTAMP '2021-12-22 10:39:44.211717'
WHERE "Id" = 'f9ccef5e-d217-485f-91de-97cd93efca3a';

INSERT INTO "__EFMigrationsHistory" ("MigrationId", "ProductVersion")
VALUES ('20211222133945_CreateChangeDetentos', '3.1.2');

DROP TABLE "DetentosListaAmarela";

CREATE TABLE "ListaAmarela" (
    "Id" uuid NOT NULL,
    "IsDeleted" boolean NOT NULL,
    "CreatedAt" timestamp without time zone NOT NULL,
    "CreatedBy" uuid NOT NULL,
    "UpdatedAt" timestamp without time zone NOT NULL,
    "UpdatedBy" uuid NOT NULL,
    "RevisaoIpenData" timestamp without time zone NOT NULL DEFAULT TIMESTAMP '0001-01-01 00:00:00',
    "RevisaoIpenObservacao" character varying(255) NULL,
    "DataPrisao" timestamp without time zone NOT NULL DEFAULT TIMESTAMP '0001-01-01 00:00:00',
    "Artigos" character varying(255) NULL,
    "Comarca" character varying(255) NULL,
    "PenaAno" character varying(4) NULL,
    "PenaMes" character varying(6) NULL,
    "PenaDia" character varying(12) NULL,
    "InstrumentosPrisao" integer[] NULL,
    "CondenacaoTipo" integer NOT NULL,
    "DiasMedidaDisciplinar" bigint NOT NULL DEFAULT 0,
    "AcaoPenal" character varying(255) NULL,
    "DataPrevisaoBeneficio" timestamp without time zone NOT NULL DEFAULT TIMESTAMP '0001-01-01 00:00:00',
    "DataProgressao" timestamp without time zone NOT NULL DEFAULT TIMESTAMP '0001-01-01 00:00:00',
    "PrevisaoBeneficioObservacao" character varying(255) NULL,
    "DetentoId" uuid NOT NULL,
    CONSTRAINT "PK_ListaAmarela" PRIMARY KEY ("Id"),
    CONSTRAINT "FK_ListaAmarela_Detentos_DetentoId" FOREIGN KEY ("DetentoId") REFERENCES "Detentos" ("Id") ON DELETE CASCADE
);

UPDATE "Colaboradores" SET "BancoNumero" = 1, "CreatedAt" = TIMESTAMP '2021-12-23 13:48:46.231251', "DataUltimaSituacao" = TIMESTAMP '2021-12-23 13:48:46.231236', "Desconto" = 25.0, "DescontoOutro" = 33.0, "DiaPagamento" = 5, "LocalTrabalho" = 'Fábrica do conveniado', "TipoConta" = 3, "UpdatedAt" = TIMESTAMP '2021-12-23 13:48:46.231252'
WHERE "Id" = '08adda92-d549-4065-a9c1-14b1adc26ea8';

UPDATE "Colaboradores" SET "BancoNumero" = 341, "CreatedAt" = TIMESTAMP '2021-12-23 13:48:46.231232', "DataUltimaSituacao" = TIMESTAMP '2021-12-23 13:48:46.230808', "Desconto" = 25.0, "DescontoOutro" = 33.0, "DiaPagamento" = 10, "LocalTrabalho" = 'GALERIA', "TipoConta" = 2, "UpdatedAt" = TIMESTAMP '2021-12-23 13:48:46.231233'
WHERE "Id" = 'a8cf3741-5bad-49ef-9e94-0e2dbb48ab3a';

UPDATE "ContaUsuarios" SET "CreatedAt" = TIMESTAMP '2021-12-23 13:48:46.215558', "UpdatedAt" = TIMESTAMP '2021-12-23 13:48:46.21556'
WHERE "Id" = '4ec0a5df-0807-468b-a874-5c8017d6e737';

UPDATE "ContaUsuarios" SET "CreatedAt" = TIMESTAMP '2021-12-23 13:48:46.214595', "UpdatedAt" = TIMESTAMP '2021-12-23 13:48:46.215469'
WHERE "Id" = 'cdf3d102-b621-46ff-ae30-bc9bab859ceb';

UPDATE "ContasCorrentes" SET "CreatedAt" = TIMESTAMP '2021-12-23 13:48:46.23406', "DataUltimoStatus" = TIMESTAMP '2021-12-23 13:48:46.234058', "UpdatedAt" = TIMESTAMP '2021-12-23 13:48:46.23406'
WHERE "Id" = '7c656707-a8e5-41ac-be05-4b03ea5c1692';

UPDATE "ContasCorrentes" SET "CreatedAt" = TIMESTAMP '2021-12-23 13:48:46.234024', "DataUltimoStatus" = TIMESTAMP '2021-12-23 13:48:46.233971', "UpdatedAt" = TIMESTAMP '2021-12-23 13:48:46.234025'
WHERE "Id" = 'f2358763-f076-4178-8f40-c24eeadf3e96';

UPDATE "Detentos" SET "Cela" = 2, "CreatedAt" = TIMESTAMP '2021-12-23 13:48:46.219637', "IsSaidaTemporaria" = TRUE, "NomeFamiliar" = 'Maria de Lourdes', "Regime" = 7, "UpdatedAt" = TIMESTAMP '2021-12-23 13:48:46.21964'
WHERE "Id" = '12fab6de-0f9a-4667-abdf-fe216bb0441f';

UPDATE "Detentos" SET "Cela" = 10, "CreatedAt" = TIMESTAMP '2021-12-23 13:48:46.219649', "IsProvisorio" = TRUE, "NomeFamiliar" = 'Carlos Amarildo de Souza', "Regime" = 8, "UpdatedAt" = TIMESTAMP '2021-12-23 13:48:46.219649'
WHERE "Id" = '533ef31e-407a-4da2-a416-53a50ec0da0e';

UPDATE "Empresas" SET "CreatedAt" = TIMESTAMP '2021-12-23 13:48:46.223068', "UpdatedAt" = TIMESTAMP '2021-12-23 13:48:46.223071'
WHERE "Id" = '00e08a3e-da29-4493-8786-65c67a98970f';

UPDATE "Empresas" SET "CreatedAt" = TIMESTAMP '2021-12-23 13:48:46.223085', "UpdatedAt" = TIMESTAMP '2021-12-23 13:48:46.223085'
WHERE "Id" = '6ba1a56a-e931-4ccd-baf0-bdf907aa8b61';

UPDATE "EmpresasConvenios" SET "CreatedAt" = TIMESTAMP '2021-12-23 13:48:46.226116', "DataFim" = TIMESTAMP '2021-12-23 13:48:46.225984', "DataInicio" = TIMESTAMP '2021-12-23 13:48:46.225953', "UpdatedAt" = TIMESTAMP '2021-12-23 13:48:46.226117'
WHERE "Id" = '87f95ebb-8ee3-4585-a0a5-dc230d036a18';

UPDATE "EmpresasConvenios" SET "DataFim" = TIMESTAMP '2021-12-23 13:48:46.226121', "DataInicio" = TIMESTAMP '2021-12-23 13:48:46.22612'
WHERE "Id" = 'af1f8d4d-6b2d-413d-8407-9ff99537dad5';

UPDATE "Lancamentos" SET "CreatedAt" = TIMESTAMP '2021-12-23 13:48:46.236221', "DataLiquidacao" = TIMESTAMP '2021-12-23 13:48:46.23597', "DataUltimoStatus" = TIMESTAMP '2021-12-23 13:48:46.23612', "UpdatedAt" = TIMESTAMP '2021-12-23 13:48:46.236222'
WHERE "Id" = '0af820ce-7131-45de-a98d-947f972c2a84';

UPDATE "Lancamentos" SET "CreatedAt" = TIMESTAMP '2021-12-23 13:48:46.236262', "DataLiquidacao" = TIMESTAMP '2021-12-23 13:48:46.23625', "DataUltimoStatus" = TIMESTAMP '2021-12-23 13:48:46.236257', "UpdatedAt" = TIMESTAMP '2021-12-23 13:48:46.236263'
WHERE "Id" = 'f9ccef5e-d217-485f-91de-97cd93efca3a';

CREATE UNIQUE INDEX "IX_ListaAmarela_DetentoId" ON "ListaAmarela" ("DetentoId") WHERE "IsDeleted"='0';

INSERT INTO "__EFMigrationsHistory" ("MigrationId", "ProductVersion")
VALUES ('20211223164847_CreateChangeListaAmarela', '3.1.2');

